"gene_symbol","log2FC_HTF_vs_WTF","padj_HTF_vs_WTF","log2FC_KOM_vs_WTM","padj_KOM_vs_WTM","log2FC_KOM_vs_HTF","padj_KOM_vs_HTF","log2FC_WTM_vs_WTF","padj_WTM_vs_WTF","expressed_allele","allele_status"
"Adam23_129",-0.000821655076734648,1,-0.143354904015052,0.211340379180213,-0.0376103700137756,0.798066109295477,0.00072104534486965,1,"Paternal","imprinted"
"Adam23_JF1",5.98894050307228e-05,1,-0.0709469469311137,0.547662802150565,-0.0386036684210118,0.793783516248921,0.000711461050940881,1,"Paternal","active"
"Ampd3_129",0.000905389430451608,1,0.0220220630526302,0.891909419229427,0.0252401246265578,0.876891920727746,0.00202583390458762,1,"Maternal","active"
"Ampd3_JF1",0.00278245640392652,1,0.069442035890474,0.567054780975547,-0.0271564454792664,0.91239237068431,-0.00258512693713232,1,"Maternal","imprinted"
"Ano1_129",0.0013153252980845,1,-0.084552890515281,0.270551898211953,-0.0519054358728878,0.585925197585387,0.0177005770444601,1,"Maternal","active"
"Ano1_JF1",-0.00029794414952163,1,0.00782013754837007,0.926958681009283,0.000508318262541645,1,-0.00984625081303256,1,"Maternal","imprinted"
"Aqp1_129",-0.00160747025758999,1,-0.0127652753750425,0.815416473366078,-0.0039952112815499,0.995914032177077,-0.000639274514036147,1,"Maternal","active"
"Aqp1_JF1",-0.0011184194449727,1,-0.00743578617916364,0.898370300288589,-0.00632762028289228,0.994799281013691,0.000569377350326788,1,"Maternal","imprinted"
"Axl_129",0.000711979247418196,1,0.0581256972178646,0.667427632363268,0.0408144553271237,0.804774669421059,0.000249482111004254,1,"Maternal","active"
"Axl_JF1",0.00418100591617149,1,0.0925616412621522,0.409382645970838,0.0510491359096029,0.714021745897446,0.000894626589748929,1,"Maternal","imprinted"
"Begain_129",0.000103759078920076,1,-0.0259823141023063,0.769933709124549,-0.0125901354077147,0.955300657543975,0.00473838809156216,1,"Paternal","imprinted"
"Begain_JF1",-2.2014321907538e-05,1,0.112940842422734,0.295719470333585,0.110231604328002,0.263279714517763,-0.000120442954751827,1,"Paternal","active"
"Blcap_129",0.000123099188816662,1,0.0275681115504907,0.875522771750856,-0.00566975668190239,0.997863958741306,-0.0027477206295948,1,"Maternal","active"
"Blcap_JF1",6.47658469109889e-05,1,-0.0623447238883864,0.643417574389795,-0.0407204648464625,0.848454037564861,0.000249715650392113,1,"Maternal","imprinted"
"Calcr_129",0.0034553431271337,1,0.0108072074608739,0.83658157772564,-0.0152752899692272,0.916624186116397,-0.0126185948694045,1,"Maternal","active"
"Calcr_JF1",0,NA,0,NA,0,NA,0,NA,"Maternal","imprinted"
"Ccdc40_129",0.000394237424041064,1,0.00430559106938335,0.990339263862508,-0.0319137334086297,0.778114986327979,-0.0112712828944113,1,"Paternal","imprinted"
"Ccdc40_JF1",-0.000392017012791621,1,-0.00307203407927184,0.982651436201967,-0.00361983031968279,0.995914032177077,-0.0025706082640789,1,"Paternal","active"
"Cd81_129",-0.000445381028010376,1,0.0249937582333932,0.908100824288847,0.0120466028825174,0.989870600489382,-0.000926319079119228,1,"Maternal","active"
"Cd81_JF1",-0.000246774094428252,1,0.011815925209706,0.973460479643812,0.0134042319829556,0.986244903741115,-0.00015621792912272,1,"Maternal","imprinted"
"Cdh15_129",0.00583887089093163,1,-0.000149269099510536,1,0.00195957566711563,1,0.0689877056721,1,"Paternal","imprinted"
"Cdh15_JF1",5.28105988177556e-05,1,0.005756360791785,0.926036824100491,0.00344367192628516,0.997072922463036,-0.00610846035768253,1,"Paternal","active"
"Cdkn1c_129",-0.000816967512861272,1,-0.00757510162771274,0.945426491093669,-0.00574228685427184,0.994684891634816,-0.00286479348303353,1,"Maternal","active"
"Cdkn1c_JF1",-0.000401136086210926,1,-0.00107673257705285,1,0.010182239610039,0.955300657543975,0.00401011464412277,1,"Maternal","imprinted"
"Chrac1_129",-0.000783603446198885,1,-0.00452607273050708,0.994569138056684,-0.00141750755897909,1,-0.000901558207708558,1,"Maternal","active"
"Chrac1_JF1",0.000612108516329099,1,0.0333290058682001,0.798127731410663,0.00237086294073833,1,-0.00205537912507159,1,"Maternal","imprinted"
"Copg2_129",0.000786890811958556,1,-0.00292377870360548,0.999320028453293,-0.0106977357870392,0.985032129330026,0.000379884241866058,1,"Maternal","active"
"Copg2_JF1",-0.00138795961870024,1,-0.0527821004622972,0.612139288368175,-0.0096773301247195,0.988370169841547,0.00107559341602102,1,"Maternal","imprinted"
"Dact2_129",-5.57104312873964e-05,1,0.0370696756076923,0.607759844130949,0.00718853747933203,0.991573684255142,-0.015669872841512,1,"Maternal","active"
"Dact2_JF1",0.00459339171913659,1,0.0430269901519607,0.749540803712858,0.0245127363264482,0.906507246692495,0.00297764810184673,1,"Maternal","imprinted"
"Dcn_129",0.00166228302627761,1,0.0159111529646381,0.789978626072037,-0.0144403898996547,0.91239237068431,-0.015350128240847,1,"Maternal","active"
"Dcn_JF1",0.00205072104467931,1,0.0218955021992647,0.715079967941997,-0.0173864957748944,0.887704263546733,-0.0163962989239442,1,"Maternal","imprinted"
"Ddc_129",0.000105272782025344,1,0.00740024180101613,0.950717308795182,0.0101958650021125,0.964129408443859,0.00102374311266084,1,"Paternal","imprinted"
"Ddc_JF1",-0.00029720095157198,1,0.012295073103375,0.860203247001329,0.00426288455512973,0.995914032177077,-0.0123487037771867,1,"Paternal","active"
"Dhcr7_129",-0.00100285036680306,1,-0.00466786125844877,0.995111158189036,0.0192177390353251,0.948190298888795,0.000117496843810052,1,"Maternal","active"
"Dhcr7_JF1",-0.00566810061108463,1,-0.0559626085076267,0.684026133315909,0.00986374894897774,0.994799281013691,3.06451487809962e-05,1,"Maternal","imprinted"
"Dlk1_129",-0.00117654945051614,NA,0,NA,-21.9412765678131,NA,-19.553234413549,NA,"Paternal ",NA
"Dlk1_JF1",0.00120791169963808,1,0.00757820869892927,0.891909419229427,0.000902468710819983,1,-0.00247241249007599,1,"Paternal ",NA
"Ftx_129",0.000340295763454464,1,0.00634214451613348,0.989328081631562,0.116659421855195,0.263816231345149,0.0588426816133974,0.3031167047329,"Paternal","imprinted"
"Ftx_JF1",0.000297049906040843,1,0.00125779796286423,1,-4.17847739129921,1.18340206624381e-22,-4.12532923605088,1.89028057451728e-22,"Paternal","active"
"Gab1_129",-0.00127435764954054,1,0.0144589260210256,0.945448970722372,0.010482659400731,0.987392883995695,-0.00249980346558222,1,"Paternal","imprinted"
"Gab1_JF1",-0.00781762660108217,1,-0.0297405124359616,0.86336835106923,0.00993770878809913,0.991085742804608,-0.000705289235863286,1,"Paternal","active"
"Galnt6_129",-0.00373934830528942,1,0.00782404452168919,0.954966480829959,0.007661294660795,0.987392883995695,-0.0335702097823207,0.976412606427484,"Paternal","imprinted"
"Galnt6_JF1",-0.00162195558048267,1,-0.010188802018471,0.952294866558633,0.0107131529567993,0.972777754577563,0.00058565139172879,1,"Paternal","active"
"Gatm_129",-0.0141297154835757,0.842326459099136,-0.0516060496267246,0.706354483628983,-0.0205228632721942,0.949262136169827,-0.0031706568742804,1,"Maternal","active"
"Gatm_JF1",-0.00953037741009272,0.98832792458728,-0.00984674030025334,0.975394458570168,0.0179591490718387,0.950496544331542,-0.00194693965574683,1,"Maternal","imprinted"
"Gm35612_129",-0.000374059743236732,1,0.0437963231701585,0.51467857414403,0.578488001812736,0.0225338732597068,0.0080480665787754,1,"Maternal","active"
"Gm35612_JF1",-0.00122525061132363,1,0,NA,0,1,-0.00840650470748339,1,"Maternal","imprinted"
"Gnai3_129",-0.000230211110104931,1,-0.00867670430754556,0.988143750858392,0.0157443939434869,0.983125718930248,0.000165920784765889,1,"Maternal","active"
"Gnai3_JF1",-0.000819321789578611,1,-0.068657961964354,0.572838726763799,-0.0588771307700881,0.594515944833944,-0.000623753501158512,1,"Maternal","imprinted"
"Gnas_129",-0.000433310152617527,1,0.0355337183167056,0.857559948218498,0.0255093856309608,0.9278086965062,-0.000628790780076722,1,"Maternal","active"
"Gnas_JF1",-0.00139789196590511,1,0.00771582394184395,0.989356515547403,0.0485366806173174,0.715782848211781,0.000104672106403437,1,"Maternal","imprinted"
"Grb10_129",-0.00212757930326827,1,-0.0110760958252861,0.919055822699609,0.00740124329871051,0.988131364057813,-0.000254558345522581,1,"Maternal ",NA
"Grb10_JF1",0.010267283565561,0.882925922210063,0.0592462024976776,0.531819358220981,-0.00696965315492445,0.994799281013691,-0.000217113890987566,1,"Maternal ",NA
"H13_129",0.000298833096443919,1,-0.000285719840948519,1,-0.00247546208258061,1,0.000705489852239965,1,"Maternal","active"
"H13_JF1",-0.000504137109693507,1,0.000336722946623599,1,-0.00124029226580352,1,-0.00184195379951084,1,"Maternal","imprinted"
"Htr2a_129",0.00508209319844886,1,0.00990313421535156,0.95825664598145,-0.000887995288622848,1,0.00869603059867743,1,"Maternal","active"
"Htr2a_JF1",-0.000644520601982069,1,0.0103990450138227,0.959733100957487,0.00976303959164693,0.983711450208864,-0.00138315385659048,1,"Maternal","imprinted"
"Hymai_129",-0.0029075139530059,1,-0.000708676904153831,1,0.0212377857923996,0.819349929422878,-0.00131637426824756,1,"Paternal","imprinted"
"Hymai_JF1",23.4241752425602,NA,0,NA,-21.8545898865901,NA,0,NA,"Paternal","active"
"Igf2_129",-0.0018477456477719,1,-0.0263203429384562,0.619135029171452,-0.00788332534380482,0.977013099463827,0.000484318047949888,1,"Paternal","imprinted"
"Igf2_JF1",-0.00185264419050495,1,-0.0172190625621828,0.723820349611535,-0.00433552293762037,0.994799281013691,0.000373171099318609,1,"Paternal","active"
"Igf2r_129",-0.0222904495546131,0.691688298170188,-0.031099925637198,0.884449354251632,-0.00541516410864081,1,-0.00365062411713519,1,"Maternal","active"
"Igf2r_JF1",0.00037417218628137,1,-0.00500287678937731,0.994768326309638,-0.00163213057541887,1,0.000640159790477511,1,"Maternal","imprinted"
"Impact_129",0.000642946864991699,1,0.00108864222064902,1,-0.0308654376613511,0.858703495921211,-0.000707932857861065,1,"Paternal","imprinted"
"Impact_JF1",0.0115651442798113,0.906272192453814,0.119708699131366,0.274961745445256,-0.00258345161311297,1,-0.000549464706256014,1,"Paternal","active"
"Inpp5f_129",-0.00541518707440628,1,0.0267042367927248,0.878775216198616,0.0655093206440748,0.521945645298374,-0.0015618215095631,1,"Paternal","imprinted"
"Inpp5f_JF1",0.00527640453597336,1,-0.345187449297315,0.0286968087849599,-0.446226847992265,0.0107241489156774,0.00942184471021117,0.956420823841415,"Paternal","active"
"Jade1_129",0.00113130307649304,1,0.0400117822977202,0.793626997343772,-0.00695237853190326,0.995914032177077,-0.000966622648341896,1,"Paternal","imprinted"
"Jade1_JF1",0.000402307825407943,1,0.027290419871502,0.886354257589912,0.0164988916658003,0.964807213271386,5.87951154503749e-05,1,"Paternal","active"
"Jpx_129",0.000459975883251021,1,0.0160860592371581,0.944538628640914,0.757933956734785,0.000432964870918054,0.782009767439727,0.00106898914566057,"Paternal","imprinted"
"Jpx_JF1",0.00073789904987135,1,0,1,-9.13747347077591,1.06107711716733e-11,-9.17755747976858,7.36602421963487e-12,"Paternal","active"
"Kcnk9_129",0.00356122993676241,1,0.0283623393233929,0.830391703783048,-0.0230663424004278,0.889315916152843,-0.00219616612513962,1,"Maternal","active"
"Kcnk9_JF1",0.000426586653192693,1,0.00389153176564912,0.986390949174892,0.004387514804148,0.995914032177077,0.00197971282929367,1,"Maternal","imprinted"
"Kcnq1ot1_129",-0.00194890417864548,1,0.0428339672758513,0.514992114998342,0.0126192328897328,0.946040859776476,-0.245351300242721,0.507454226589102,"Paternal","imprinted"
"Kcnq1ot1_JF1",-0.00026125181206998,1,-0.0156739154008966,0.927539264247343,0.00400114104856587,1,0.00208261866980117,1,"Paternal","active"
"Klf14_129",-0.000451745583315478,1,0.0135695256040021,0.837435041576145,0.00799553282581904,0.974049547273724,-0.0112429313797043,1,"Maternal","active"
"Klf14_JF1",0.00352389848113282,1,0,NA,-0.021326013350715,0.972902486420036,0,1,"Maternal","imprinted"
"Maged2_129",0.00197726734895961,1,0.0137129321612299,0.963024233853273,0.902041476067634,5.14236959950689e-08,1.081032077105,2.94523780481042e-10,"Maternal","active"
"Maged2_JF1",-0.000178613270987635,1,0,1,-12.107015272035,6.70294506546569e-20,-12.4141021407874,4.87623561658274e-21,"Maternal","imprinted"
"Magel2_129",-0.00370978445615342,1,-0.000611762363019464,1,0.0110484444469122,0.989400818142494,-0.00895851464763313,1,"Paternal","imprinted"
"Magel2_JF1",23.8316968992537,7.08908411975468e-06,0.00362172899273581,0.975143379166832,-0.00384414704498656,1,20.2318991655351,6.48615543585649e-06,"Paternal","active"
"Magi2_129",0.000249286918610041,1,-0.0316153200934,0.874033223263927,-0.0135450684782217,0.986464148090474,0.000811613950819773,1,"Paternal","imprinted"
"Magi2_JF1",0.00194353876306583,1,-0.0414355940549597,0.810975955790978,-0.050195235153219,0.69844801740194,0.0010444798948496,1,"Paternal","active"
"Meg3_129",0.00110481727749332,1,-0.349153343807966,0.136445938017129,-1.80673409535812,0.0477927224999056,0.00724439467337389,1,"Maternal","active"
"Meg3_JF1",-0.00163050216751805,1,0.00830023663055456,0.880789412612333,0.0239223512040223,0.877131291423322,-0.0120040674211521,1,"Maternal","imprinted"
"Mest_129",-0.000916371385080549,1,0.00118427968008523,0.996877607990502,0.00622505200518954,0.989400818142494,-0.00378586156934116,1,"Paternal","imprinted"
"Mest_JF1",0.000340169306070469,1,0.0172752691369062,0.908100824288847,-0.00235898140718287,1,-0.0026244535743864,1,"Paternal","active"
"Mirg_129",0.00155632418098626,1,-0.138327378006835,0.244956430770243,-1.25687444445263,0.0742093803575182,0.00733214364410276,1,"Maternal","active"
"Mirg_JF1",-0.0016355402193625,1,0.0064825841913466,0.916736397397155,0.0225262898666889,0.917725188015363,-0.0106485168674192,1,"Maternal","imprinted"
"Nap1l4_129",0.00185833232223614,1,0.0340922826051713,0.869378261752139,0.0086241374647782,0.995914032177077,0.000336713805882122,1,"Maternal","active"
"Nap1l4_JF1",-0.00165857548057843,1,0.00511174732336438,0.995802969608973,-0.00650918604533301,0.998953373110755,-0.0034526116521047,1,"Maternal","imprinted"
"Nnat_129",-0.00650840289434447,NA,0.0148836867402492,NA,0.490974418641791,NA,-0.00563041636196005,NA,"Paternal","imprinted"
"Nnat_JF1",-0.000562228717924441,1,0.0256641172798135,0.873652123729899,0.00682669477903534,0.995914032177077,-0.00371197627059905,1,"Paternal","active"
"Pde10a_129",0.00335523742024834,1,-0.029456606173753,0.872739605817083,-0.0202449758459375,0.941591082433738,0.00842406319814782,1,"Maternal","active"
"Pde10a_JF1",0.00652772099496196,1,-0.00350146754882809,1,-0.0302187721440152,0.898815593480456,0.00110173976768129,1,"Maternal","imprinted"
"Peg10_129",24.1038728879594,NA,-0.00826852665997732,NA,-0.22253444734898,NA,18.3750908182606,NA,"Paternal","imprinted"
"Peg10_JF1",0.000974567169258848,1,0.065626150939874,0.317654323637167,0.014923204603212,0.9278086965062,-0.00702552209987099,1,"Paternal","active"
"Peg13_129",0.00212624786782966,1,-0.120319167100059,0.160658239709374,-0.0439306719123915,0.590037431474012,0.10857738035726,0.343908454957051,"Paternal","imprinted"
"Peg13_JF1",0.000817155364641702,1,0.0816319878782855,0.321360679296295,0.0420085897083962,0.806299769573056,6.24347946578442e-05,1,"Paternal","active"
"Peg3_129",0.00215120564423499,NA,-0.00733959986715787,NA,-0.189091866096904,NA,-0.00402443809094433,NA,"Paternal","imprinted"
"Peg3_JF1",0.000301500352470395,1,0.0205182023023497,0.937213150729019,-0.00952426195046087,0.995914032177077,-0.000348780619230473,1,"Paternal","active"
"Plagl1_129",-0.00335477019927358,1,0.0241498979721681,0.767641518943131,0.0707526793320146,0.406827105852701,-0.00641665983750004,1,"Paternal","imprinted"
"Plagl1_JF1",-0.00207795020175293,1,0.0148467224214262,0.887972476651854,0.029314590973863,0.77827106543658,-0.00517033432580387,1,"Paternal","active"
"Pon2_129",-0.00360492331713185,1,-0.0075241784017116,0.959998705837949,0.0115751661068964,0.957917275008392,-0.00300028155141992,1,"Maternal","active"
"Pon2_JF1",0.00532209420513472,1,-0.00597820622038968,0.980259177915935,-0.0289860756877074,0.798066109295477,0.00558709794263472,1,"Maternal","imprinted"
"Pon3_129",-0.00250702320973498,1,-0.10175190743358,0.191164550161149,-0.029050811273873,0.762554176242962,-0.000439867542370062,1,"Maternal","active"
"Pon3_JF1",-0.00231784977701324,1,-0.0207899227749108,0.721991879281408,-0.00384366552226123,0.995914032177077,-0.000820999881975399,1,"Maternal","imprinted"
"Ppp1r9a_129",0.00151544010582018,1,0.0429844368591105,0.822414658649518,-0.0301061127585623,0.922808782899387,-0.000224200490967954,1,"Maternal","active"
"Ppp1r9a_JF1",0.000481627907777641,1,0.0143563242197427,0.966581641078963,-0.00995188078149748,0.994799281013691,-0.00010401854363514,1,"Maternal","imprinted"
"Prkn_129",0.00115710324579323,1,0.00743522168974879,0.966581641078963,0.0115465690790439,0.962996363720318,0.00654637641322919,1,"Maternal","active"
"Prkn_JF1",-0.000139560962382287,1,-0.0156377067797562,0.932310482015369,-0.00245215323920396,1,0.00112784255742586,1,"Maternal","imprinted"
"Qpct_129",-0.000401299453218873,1,0.00520862686261443,0.993938006967003,0.0234401936610829,0.908875953424676,0.000648505870032995,1,"Maternal","active"
"Qpct_JF1",-0.00146617557691358,1,0.00518291495208805,0.989356515547403,0.0119562460183352,0.968059727315593,-0.00183493485141948,1,"Maternal","imprinted"
"Rasgrf1_129",0.00135196615996012,1,0.0156528607164999,0.951235786692594,0.0216012186106471,0.93640153456053,0.00243859284842326,1,"Paternal ",NA
"Rasgrf1_JF1",0.00015947092071665,1,0.00695153083849614,0.991729795620339,0.0179355475757524,0.969178470237886,0.000364779599832789,1,"Paternal ",NA
"Rian_129",0.00120987013580669,1,-0.188047765860498,0.179523050304334,-1.3529269675441,0.0545881180176328,0.00650610945387434,1,"Maternal","active"
"Rian_JF1",-0.00089567268357335,NA,0.00607579734109207,NA,0.0149597092869755,NA,-0.00719981511944971,NA,"Maternal","imprinted"
"Sall1_129",0.000397897673988792,1,-0.00130749159922224,0.998910534144284,-0.0116461806077476,0.938396885236147,-0.00296731287921106,1,"Paternal","imprinted"
"Sall1_JF1",-0.00152208465558626,1,-0.00931517906134988,0.967501227699879,0.011408482839511,0.972777754577563,0.000314997964169706,1,"Paternal","active"
"Sfmbt2_129",-0.00125827678871705,1,0.00296321217429567,0.994800318911477,0.0344149993716904,0.728832260097745,0.00265163818779378,1,"Paternal","imprinted"
"Sfmbt2_JF1",0.000954050735699767,1,0.0133725285476463,0.952294866558633,-0.0184805173541555,0.936518262691739,-0.00154246916505529,1,"Paternal","active"
"Sgce_129",0.000357166528590185,1,0.00366895857245894,NA,-0.00188899324100112,1,-0.0111905155564052,1,"Paternal","imprinted"
"Sgce_JF1",0.00119788436233518,1,-0.0254221296756056,0.911877241408217,-0.0658937534741009,0.538387643135364,-6.73256109302365e-06,1,"Paternal","active"
"Slc38a4_129",0.00307017765579385,1,0.00479183348514493,0.980259177915935,-0.0175954404766174,0.902495348066025,0.0014286796174603,1,"Paternal","imprinted"
"Slc38a4_JF1",-0.000159407394060089,1,-0.00544987674728476,0.930707593143315,-0.0162103934156425,0.940726759415846,-0.00285172065246268,1,"Paternal","active"
"Smoc1_129",0.00120102519437272,1,0.0188642032084381,0.859100659069088,0.00862362382982326,0.98214641077938,0.000891781517857989,1,"Paternal","imprinted"
"Smoc1_JF1",0.00169179393448429,1,0.0318821506851591,0.64369468249437,0.00249480240545356,1,-0.00304477577601691,1,"Paternal","active"
"Smoc2_129",-0.00199799295219955,1,0.000218994856667747,1,0.0166551027860316,0.927461580121712,-0.00124803580834472,1,"Maternal","active"
"Smoc2_JF1",-0.000844474397756503,1,-0.000477966574481296,1,0.0096914049757778,0.978161430797345,-7.23096206026823e-05,1,"Maternal","imprinted"
"Snrpn_129",0.000688125998772206,1,0.00495860163253119,NA,0.000344044398558375,1,-0.00338384013289472,1,"Paternal","imprinted"
"Snrpn_JF1",0.000153152823041898,1,-0.0028673620534695,0.997985620458971,-0.00810756089671624,0.990144104658961,-0.000544398868175411,1,"Paternal","active"
"Snurf_129",0,NA,0,NA,0,NA,0,NA,"Paternal","imprinted"
"Snurf_JF1",0,NA,0,NA,0,NA,0,NA,"Paternal","active"
"Snx14_129",0.000389799782906804,1,0.0352088000516447,0.869378261752139,-0.0781903189618736,0.401601703458452,-0.0299047456713879,0.174433855161708,"Paternal","imprinted"
"Snx14_JF1",-0.000774610187429972,1,-0.069041240492284,0.554386656699051,-0.0087208410514657,0.994799281013691,0.00136476543876088,1,"Paternal","active"
"Th_129",-0.00177373915999576,1,0.00032232622679391,1,0.00708828817798717,0.98214641077938,-0.00640551471701732,1,"Maternal","active"
"Th_JF1",0.0164416844347554,NA,0,NA,-0.0934381602797848,NA,0,NA,"Maternal","imprinted"
"Thbs2_129",-0.00154899943486936,1,-0.0671380621903298,0.330608849912512,-0.00455497200534503,0.995914032177077,0.00986934724188365,1,"Maternal","active"
"Thbs2_JF1",-0.0023848077546756,1,-0.0308782377066624,0.659026215806691,-0.00264545406213569,1,0.000997142628148897,1,"Maternal","imprinted"
"Tnfrsf22_129",-0.00533179275728552,1,-0.0306434882753065,0.719994751804422,0.00147007694841219,1,-0.00120841382433021,1,"Maternal","active"
"Tnfrsf22_JF1",0.00234348421164488,1,0.000795233422494007,1,-0.00915518040471295,0.990896051786136,0.00411674126177361,1,"Maternal","imprinted"
"Trappc9_129",-0.000909629319767145,1,0.0110637166985169,0.97349618061041,0.0285793748235634,0.88441482245104,-0.000111359980040297,1,"Maternal","active"
"Trappc9_JF1",0.000151503729658919,1,0.0510729835000779,0.740887891111357,0.0504337448133154,0.732888778835215,0.000118438080014602,1,"Maternal","imprinted"
"Tssc4_129",-0.000870155364551761,1,0.0129003892225054,0.952294866558633,0.0296636457098515,0.835814534068026,9.41255494847526e-05,1,"Maternal","active"
"Tssc4_JF1",0.000290378004038319,1,0.0647697564403181,0.525674000494341,0.0188616668178718,0.932343080481764,-0.00278102444437519,1,"Maternal","imprinted"
"Ube3a_129",0.00161070094773955,1,0.00334505074218684,1,-0.0249823318322562,0.932343080481764,0.000167679950094633,1,"Maternal","active"
"Ube3a_JF1",-0.00122677615015587,1,-0.0263072679813751,0.889483696603556,-0.0151353792719768,0.970153425919621,-0.000662419082015013,1,"Maternal","imprinted"
"Usp29_129",-0.000349041601493154,1,0.00281493666421286,0.997529065174928,0.00583473996818959,0.995867220839175,-0.000321731412279126,1,"Paternal","imprinted"
"Usp29_JF1",0.00222547083425401,1,0.0145524694015114,0.939156337690537,-0.0205452084491129,0.917669213722045,-0.000840500871183698,1,"Paternal","active"
"Xist_129",-0.000129737138292017,1,-0.00676334285318965,0.925586078823067,-10.8295339989512,7.57613208543657e-16,-9.98049303169952,7.15996957293725e-14,"Paternal","imprinted"
"Xist_JF1",0.00025085695794253,1,0,1,-16.9102203525345,7.72598204716418e-41,-17.0867572868218,6.48356909415746e-42,"Paternal","active"
"Xlr3b_129",0.00428844740644511,1,0.0099660162087892,0.90877136481265,-0.000747409732237482,1,0.00905662126721763,1,"Maternal","active"
"Xlr3b_JF1",-0.00232068090500037,1,0,NA,-0.0120596610893566,0.994799281013691,-0.0440461318223457,1,"Maternal","imprinted"
"Zdbf2_129",0.0002767734252779,1,0.00523062698534368,NA,0.000706605503029883,1,-0.00825985768212604,1,"Paternal","imprinted"
"Zdbf2_JF1",0.00213213526079834,1,0.189250731178998,0.113916322694504,0.0090766166779894,0.989400818142494,-0.0086163709446287,1,"Paternal","active"
"Zfp64_129",0.00171882302437971,1,-0.0010771513916942,1,-0.0191419519113114,0.940726759415846,0.000443007836693022,1,"Paternal","imprinted"
"Zfp64_JF1",-0.00014156441554774,1,-0.0229868079184393,0.891909419229427,-0.0141645807390437,0.964836857706893,0.000306077411432516,1,"Paternal","active"
"Zim1_129",0.00293665428724761,1,0.00934150926828223,0.928826792129916,-0.0284407623605726,0.762083227717176,-0.00442866793337089,1,"Maternal","active"
"Zim1_JF1",-0.000746606671557928,1,-0.0181726563754038,0.892938681766188,-0.0436411076463998,0.675859481390502,-0.00756552487297715,1,"Maternal","imprinted"
"Zrsr1_129",-0.000866666178823195,1,-0.00851808268336966,NA,-0.0156256544110815,0.989400818142494,0.00408305578328001,1,"Paternal","imprinted"
"Zrsr1_JF1",0.000161835079269343,1,0.0998098342889829,0.349652889748408,0.0527499341383526,0.712574752257697,-0.000235867086459083,1,"Paternal","active"
