"gene_symbol","log2FoldChange_HTF_vs_WTF","log2FoldChange_KOM_vs_WTM","log2FoldChange_KOM_vs_HTF","log2FoldChange_WTM_vs_WTF","expressed_allele","allele_status"
"Adam23_129",-0.000821655076734648,-0.143354904015052,-0.0376103700137756,0.00072104534486965,"Paternal","imprinted"
"Adam23_JF1",5.98894050307228e-05,-0.0709469469311137,-0.0386036684210118,0.000711461050940881,"Paternal","active"
"Ampd3_129",0.000905389430451608,0.0220220630526302,0.0252401246265578,0.00202583390458762,"Maternal","active"
"Ampd3_JF1",0.00278245640392652,0.069442035890474,-0.0271564454792664,-0.00258512693713232,"Maternal","imprinted"
"Ano1_129",0.0013153252980845,-0.084552890515281,-0.0519054358728878,0.0177005770444601,"Maternal","active"
"Ano1_JF1",-0.00029794414952163,0.00782013754837007,0.000508318262541645,-0.00984625081303256,"Maternal","imprinted"
"Aqp1_129",-0.00160747025758999,-0.0127652753750425,-0.0039952112815499,-0.000639274514036147,"Maternal","active"
"Aqp1_JF1",-0.0011184194449727,-0.00743578617916364,-0.00632762028289228,0.000569377350326788,"Maternal","imprinted"
"Axl_129",0.000711979247418196,0.0581256972178646,0.0408144553271237,0.000249482111004254,"Maternal","active"
"Axl_JF1",0.00418100591617149,0.0925616412621522,0.0510491359096029,0.000894626589748929,"Maternal","imprinted"
"Begain_129",0.000103759078920076,-0.0259823141023063,-0.0125901354077147,0.00473838809156216,"Paternal","imprinted"
"Begain_JF1",-2.2014321907538e-05,0.112940842422734,0.110231604328002,-0.000120442954751827,"Paternal","active"
"Blcap_129",0.000123099188816662,0.0275681115504907,-0.00566975668190239,-0.0027477206295948,"Maternal","active"
"Blcap_JF1",6.47658469109889e-05,-0.0623447238883864,-0.0407204648464625,0.000249715650392113,"Maternal","imprinted"
"Calcr_129",0.0034553431271337,0.0108072074608739,-0.0152752899692272,-0.0126185948694045,"Maternal","active"
"Ccdc40_129",0.000394237424041064,0.00430559106938335,-0.0319137334086297,-0.0112712828944113,"Paternal","imprinted"
"Ccdc40_JF1",-0.000392017012791621,-0.00307203407927184,-0.00361983031968279,-0.0025706082640789,"Paternal","active"
"Cd81_129",-0.000445381028010376,0.0249937582333932,0.0120466028825174,-0.000926319079119228,"Maternal","active"
"Cd81_JF1",-0.000246774094428252,0.011815925209706,0.0134042319829556,-0.00015621792912272,"Maternal","imprinted"
"Cdh15_129",0.00583887089093163,-0.000149269099510536,0.00195957566711563,0.0689877056721,"Paternal","imprinted"
"Cdh15_JF1",5.28105988177556e-05,0.005756360791785,0.00344367192628516,-0.00610846035768253,"Paternal","active"
"Cdkn1c_129",-0.000816967512861272,-0.00757510162771274,-0.00574228685427184,-0.00286479348303353,"Maternal","active"
"Cdkn1c_JF1",-0.000401136086210926,-0.00107673257705285,0.010182239610039,0.00401011464412277,"Maternal","imprinted"
"Chrac1_129",-0.000783603446198885,-0.00452607273050708,-0.00141750755897909,-0.000901558207708558,"Maternal","active"
"Chrac1_JF1",0.000612108516329099,0.0333290058682001,0.00237086294073833,-0.00205537912507159,"Maternal","imprinted"
"Copg2_129",0.000786890811958556,-0.00292377870360548,-0.0106977357870392,0.000379884241866058,"Maternal","active"
"Copg2_JF1",-0.00138795961870024,-0.0527821004622972,-0.0096773301247195,0.00107559341602102,"Maternal","imprinted"
"Dact2_129",-5.57104312873964e-05,0.0370696756076923,0.00718853747933203,-0.015669872841512,"Maternal","active"
"Dact2_JF1",0.00459339171913659,0.0430269901519607,0.0245127363264482,0.00297764810184673,"Maternal","imprinted"
"Dcn_129",0.00166228302627761,0.0159111529646381,-0.0144403898996547,-0.015350128240847,"Maternal","active"
"Dcn_JF1",0.00205072104467931,0.0218955021992647,-0.0173864957748944,-0.0163962989239442,"Maternal","imprinted"
"Ddc_129",0.000105272782025344,0.00740024180101613,0.0101958650021125,0.00102374311266084,"Paternal","imprinted"
"Ddc_JF1",-0.00029720095157198,0.012295073103375,0.00426288455512973,-0.0123487037771867,"Paternal","active"
"Dhcr7_129",-0.00100285036680306,-0.00466786125844877,0.0192177390353251,0.000117496843810052,"Maternal","active"
"Dhcr7_JF1",-0.00566810061108463,-0.0559626085076267,0.00986374894897774,3.06451487809962e-05,"Maternal","imprinted"
"Dlk1_JF1",0.00120791169963808,0.00757820869892927,0.000902468710819983,-0.00247241249007599,"Paternal ",NA
"Ftx_129",0.000340295763454464,0.00634214451613348,0.116659421855195,0.0588426816133974,"Paternal","imprinted"
"Ftx_JF1",0.000297049906040843,0.00125779796286423,-4.17847739129921,-4.12532923605088,"Paternal","active"
"Gab1_129",-0.00127435764954054,0.0144589260210256,0.010482659400731,-0.00249980346558222,"Paternal","imprinted"
"Gab1_JF1",-0.00781762660108217,-0.0297405124359616,0.00993770878809913,-0.000705289235863286,"Paternal","active"
"Galnt6_129",-0.00373934830528942,0.00782404452168919,0.007661294660795,-0.0335702097823207,"Paternal","imprinted"
"Galnt6_JF1",-0.00162195558048267,-0.010188802018471,0.0107131529567993,0.00058565139172879,"Paternal","active"
"Gatm_129",-0.0141297154835757,-0.0516060496267246,-0.0205228632721942,-0.0031706568742804,"Maternal","active"
"Gatm_JF1",-0.00953037741009272,-0.00984674030025334,0.0179591490718387,-0.00194693965574683,"Maternal","imprinted"
"Gm35612_129",-0.000374059743236732,0.0437963231701585,0.578488001812736,0.0080480665787754,"Maternal","active"
"Gm35612_JF1",-0.00122525061132363,NA,0,-0.00840650470748339,"Maternal","imprinted"
"Gnai3_129",-0.000230211110104931,-0.00867670430754556,0.0157443939434869,0.000165920784765889,"Maternal","active"
"Gnai3_JF1",-0.000819321789578611,-0.068657961964354,-0.0588771307700881,-0.000623753501158512,"Maternal","imprinted"
"Gnas_129",-0.000433310152617527,0.0355337183167056,0.0255093856309608,-0.000628790780076722,"Maternal","active"
"Gnas_JF1",-0.00139789196590511,0.00771582394184395,0.0485366806173174,0.000104672106403437,"Maternal","imprinted"
"Grb10_129",-0.00212757930326827,-0.0110760958252861,0.00740124329871051,-0.000254558345522581,"Maternal ",NA
"Grb10_JF1",0.010267283565561,0.0592462024976776,-0.00696965315492445,-0.000217113890987566,"Maternal ",NA
"H13_129",0.000298833096443919,-0.000285719840948519,-0.00247546208258061,0.000705489852239965,"Maternal","active"
"H13_JF1",-0.000504137109693507,0.000336722946623599,-0.00124029226580352,-0.00184195379951084,"Maternal","imprinted"
"Htr2a_129",0.00508209319844886,0.00990313421535156,-0.000887995288622848,0.00869603059867743,"Maternal","active"
"Htr2a_JF1",-0.000644520601982069,0.0103990450138227,0.00976303959164693,-0.00138315385659048,"Maternal","imprinted"
"Hymai_129",-0.0029075139530059,-0.000708676904153831,0.0212377857923996,-0.00131637426824756,"Paternal","imprinted"
"Igf2_129",-0.0018477456477719,-0.0263203429384562,-0.00788332534380482,0.000484318047949888,"Paternal","imprinted"
"Igf2_JF1",-0.00185264419050495,-0.0172190625621828,-0.00433552293762037,0.000373171099318609,"Paternal","active"
"Igf2r_129",-0.0222904495546131,-0.031099925637198,-0.00541516410864081,-0.00365062411713519,"Maternal","active"
"Igf2r_JF1",0.00037417218628137,-0.00500287678937731,-0.00163213057541887,0.000640159790477511,"Maternal","imprinted"
"Impact_129",0.000642946864991699,0.00108864222064902,-0.0308654376613511,-0.000707932857861065,"Paternal","imprinted"
"Impact_JF1",0.0115651442798113,0.119708699131366,-0.00258345161311297,-0.000549464706256014,"Paternal","active"
"Inpp5f_129",-0.00541518707440628,0.0267042367927248,0.0655093206440748,-0.0015618215095631,"Paternal","imprinted"
"Inpp5f_JF1",0.00527640453597336,-0.345187449297315,-0.446226847992265,0.00942184471021117,"Paternal","active"
"Jade1_129",0.00113130307649304,0.0400117822977202,-0.00695237853190326,-0.000966622648341896,"Paternal","imprinted"
"Jade1_JF1",0.000402307825407943,0.027290419871502,0.0164988916658003,5.87951154503749e-05,"Paternal","active"
"Jpx_129",0.000459975883251021,0.0160860592371581,0.757933956734785,0.782009767439727,"Paternal","imprinted"
"Jpx_JF1",0.00073789904987135,0,-9.13747347077591,-9.17755747976858,"Paternal","active"
"Kcnk9_129",0.00356122993676241,0.0283623393233929,-0.0230663424004278,-0.00219616612513962,"Maternal","active"
"Kcnk9_JF1",0.000426586653192693,0.00389153176564912,0.004387514804148,0.00197971282929367,"Maternal","imprinted"
"Kcnq1ot1_129",-0.00194890417864548,0.0428339672758513,0.0126192328897328,-0.245351300242721,"Paternal","imprinted"
"Kcnq1ot1_JF1",-0.00026125181206998,-0.0156739154008966,0.00400114104856587,0.00208261866980117,"Paternal","active"
"Klf14_129",-0.000451745583315478,0.0135695256040021,0.00799553282581904,-0.0112429313797043,"Maternal","active"
"Klf14_JF1",0.00352389848113282,NA,-0.021326013350715,0,"Maternal","imprinted"
"Maged2_129",0.00197726734895961,0.0137129321612299,0.902041476067634,1.081032077105,"Maternal","active"
"Maged2_JF1",-0.000178613270987635,0,-12.107015272035,-12.4141021407874,"Maternal","imprinted"
"Magel2_129",-0.00370978445615342,-0.000611762363019464,0.0110484444469122,-0.00895851464763313,"Paternal","imprinted"
"Magel2_JF1",23.8316968992537,0.00362172899273581,-0.00384414704498656,20.2318991655351,"Paternal","active"
"Magi2_129",0.000249286918610041,-0.0316153200934,-0.0135450684782217,0.000811613950819773,"Paternal","imprinted"
"Magi2_JF1",0.00194353876306583,-0.0414355940549597,-0.050195235153219,0.0010444798948496,"Paternal","active"
"Meg3_129",0.00110481727749332,-0.349153343807966,-1.80673409535812,0.00724439467337389,"Maternal","active"
"Meg3_JF1",-0.00163050216751805,0.00830023663055456,0.0239223512040223,-0.0120040674211521,"Maternal","imprinted"
"Mest_129",-0.000916371385080549,0.00118427968008523,0.00622505200518954,-0.00378586156934116,"Paternal","imprinted"
"Mest_JF1",0.000340169306070469,0.0172752691369062,-0.00235898140718287,-0.0026244535743864,"Paternal","active"
"Mirg_129",0.00155632418098626,-0.138327378006835,-1.25687444445263,0.00733214364410276,"Maternal","active"
"Mirg_JF1",-0.0016355402193625,0.0064825841913466,0.0225262898666889,-0.0106485168674192,"Maternal","imprinted"
"Nap1l4_129",0.00185833232223614,0.0340922826051713,0.0086241374647782,0.000336713805882122,"Maternal","active"
"Nap1l4_JF1",-0.00165857548057843,0.00511174732336438,-0.00650918604533301,-0.0034526116521047,"Maternal","imprinted"
"Nnat_JF1",-0.000562228717924441,0.0256641172798135,0.00682669477903534,-0.00371197627059905,"Paternal","active"
"Pde10a_129",0.00335523742024834,-0.029456606173753,-0.0202449758459375,0.00842406319814782,"Maternal","active"
"Pde10a_JF1",0.00652772099496196,-0.00350146754882809,-0.0302187721440152,0.00110173976768129,"Maternal","imprinted"
"Peg10_JF1",0.000974567169258848,0.065626150939874,0.014923204603212,-0.00702552209987099,"Paternal","active"
"Peg13_129",0.00212624786782966,-0.120319167100059,-0.0439306719123915,0.10857738035726,"Paternal","imprinted"
"Peg13_JF1",0.000817155364641702,0.0816319878782855,0.0420085897083962,6.24347946578442e-05,"Paternal","active"
"Peg3_JF1",0.000301500352470395,0.0205182023023497,-0.00952426195046087,-0.000348780619230473,"Paternal","active"
"Plagl1_129",-0.00335477019927358,0.0241498979721681,0.0707526793320146,-0.00641665983750004,"Paternal","imprinted"
"Plagl1_JF1",-0.00207795020175293,0.0148467224214262,0.029314590973863,-0.00517033432580387,"Paternal","active"
"Pon2_129",-0.00360492331713185,-0.0075241784017116,0.0115751661068964,-0.00300028155141992,"Maternal","active"
"Pon2_JF1",0.00532209420513472,-0.00597820622038968,-0.0289860756877074,0.00558709794263472,"Maternal","imprinted"
"Pon3_129",-0.00250702320973498,-0.10175190743358,-0.029050811273873,-0.000439867542370062,"Maternal","active"
"Pon3_JF1",-0.00231784977701324,-0.0207899227749108,-0.00384366552226123,-0.000820999881975399,"Maternal","imprinted"
"Ppp1r9a_129",0.00151544010582018,0.0429844368591105,-0.0301061127585623,-0.000224200490967954,"Maternal","active"
"Ppp1r9a_JF1",0.000481627907777641,0.0143563242197427,-0.00995188078149748,-0.00010401854363514,"Maternal","imprinted"
"Prkn_129",0.00115710324579323,0.00743522168974879,0.0115465690790439,0.00654637641322919,"Maternal","active"
"Prkn_JF1",-0.000139560962382287,-0.0156377067797562,-0.00245215323920396,0.00112784255742586,"Maternal","imprinted"
"Qpct_129",-0.000401299453218873,0.00520862686261443,0.0234401936610829,0.000648505870032995,"Maternal","active"
"Qpct_JF1",-0.00146617557691358,0.00518291495208805,0.0119562460183352,-0.00183493485141948,"Maternal","imprinted"
"Rasgrf1_129",0.00135196615996012,0.0156528607164999,0.0216012186106471,0.00243859284842326,"Paternal ",NA
"Rasgrf1_JF1",0.00015947092071665,0.00695153083849614,0.0179355475757524,0.000364779599832789,"Paternal ",NA
"Rian_129",0.00120987013580669,-0.188047765860498,-1.3529269675441,0.00650610945387434,"Maternal","active"
"Sall1_129",0.000397897673988792,-0.00130749159922224,-0.0116461806077476,-0.00296731287921106,"Paternal","imprinted"
"Sall1_JF1",-0.00152208465558626,-0.00931517906134988,0.011408482839511,0.000314997964169706,"Paternal","active"
"Sfmbt2_129",-0.00125827678871705,0.00296321217429567,0.0344149993716904,0.00265163818779378,"Paternal","imprinted"
"Sfmbt2_JF1",0.000954050735699767,0.0133725285476463,-0.0184805173541555,-0.00154246916505529,"Paternal","active"
"Sgce_129",0.000357166528590185,NA,-0.00188899324100112,-0.0111905155564052,"Paternal","imprinted"
"Sgce_JF1",0.00119788436233518,-0.0254221296756056,-0.0658937534741009,-6.73256109302365e-06,"Paternal","active"
"Slc38a4_129",0.00307017765579385,0.00479183348514493,-0.0175954404766174,0.0014286796174603,"Paternal","imprinted"
"Slc38a4_JF1",-0.000159407394060089,-0.00544987674728476,-0.0162103934156425,-0.00285172065246268,"Paternal","active"
"Smoc1_129",0.00120102519437272,0.0188642032084381,0.00862362382982326,0.000891781517857989,"Paternal","imprinted"
"Smoc1_JF1",0.00169179393448429,0.0318821506851591,0.00249480240545356,-0.00304477577601691,"Paternal","active"
"Smoc2_129",-0.00199799295219955,0.000218994856667747,0.0166551027860316,-0.00124803580834472,"Maternal","active"
"Smoc2_JF1",-0.000844474397756503,-0.000477966574481296,0.0096914049757778,-7.23096206026823e-05,"Maternal","imprinted"
"Snrpn_129",0.000688125998772206,NA,0.000344044398558375,-0.00338384013289472,"Paternal","imprinted"
"Snrpn_JF1",0.000153152823041898,-0.0028673620534695,-0.00810756089671624,-0.000544398868175411,"Paternal","active"
"Snx14_129",0.000389799782906804,0.0352088000516447,-0.0781903189618736,-0.0299047456713879,"Paternal","imprinted"
"Snx14_JF1",-0.000774610187429972,-0.069041240492284,-0.0087208410514657,0.00136476543876088,"Paternal","active"
"Th_129",-0.00177373915999576,0.00032232622679391,0.00708828817798717,-0.00640551471701732,"Maternal","active"
"Thbs2_129",-0.00154899943486936,-0.0671380621903298,-0.00455497200534503,0.00986934724188365,"Maternal","active"
"Thbs2_JF1",-0.0023848077546756,-0.0308782377066624,-0.00264545406213569,0.000997142628148897,"Maternal","imprinted"
"Tnfrsf22_129",-0.00533179275728552,-0.0306434882753065,0.00147007694841219,-0.00120841382433021,"Maternal","active"
"Tnfrsf22_JF1",0.00234348421164488,0.000795233422494007,-0.00915518040471295,0.00411674126177361,"Maternal","imprinted"
"Trappc9_129",-0.000909629319767145,0.0110637166985169,0.0285793748235634,-0.000111359980040297,"Maternal","active"
"Trappc9_JF1",0.000151503729658919,0.0510729835000779,0.0504337448133154,0.000118438080014602,"Maternal","imprinted"
"Tssc4_129",-0.000870155364551761,0.0129003892225054,0.0296636457098515,9.41255494847526e-05,"Maternal","active"
"Tssc4_JF1",0.000290378004038319,0.0647697564403181,0.0188616668178718,-0.00278102444437519,"Maternal","imprinted"
"Ube3a_129",0.00161070094773955,0.00334505074218684,-0.0249823318322562,0.000167679950094633,"Maternal","active"
"Ube3a_JF1",-0.00122677615015587,-0.0263072679813751,-0.0151353792719768,-0.000662419082015013,"Maternal","imprinted"
"Usp29_129",-0.000349041601493154,0.00281493666421286,0.00583473996818959,-0.000321731412279126,"Paternal","imprinted"
"Usp29_JF1",0.00222547083425401,0.0145524694015114,-0.0205452084491129,-0.000840500871183698,"Paternal","active"
"Xist_129",-0.000129737138292017,-0.00676334285318965,-10.8295339989512,-9.98049303169952,"Paternal","imprinted"
"Xist_JF1",0.00025085695794253,0,-16.9102203525345,-17.0867572868218,"Paternal","active"
"Xlr3b_129",0.00428844740644511,0.0099660162087892,-0.000747409732237482,0.00905662126721763,"Maternal","active"
"Xlr3b_JF1",-0.00232068090500037,NA,-0.0120596610893566,-0.0440461318223457,"Maternal","imprinted"
"Zdbf2_129",0.0002767734252779,NA,0.000706605503029883,-0.00825985768212604,"Paternal","imprinted"
"Zdbf2_JF1",0.00213213526079834,0.189250731178998,0.0090766166779894,-0.0086163709446287,"Paternal","active"
"Zfp64_129",0.00171882302437971,-0.0010771513916942,-0.0191419519113114,0.000443007836693022,"Paternal","imprinted"
"Zfp64_JF1",-0.00014156441554774,-0.0229868079184393,-0.0141645807390437,0.000306077411432516,"Paternal","active"
"Zim1_129",0.00293665428724761,0.00934150926828223,-0.0284407623605726,-0.00442866793337089,"Maternal","active"
"Zim1_JF1",-0.000746606671557928,-0.0181726563754038,-0.0436411076463998,-0.00756552487297715,"Maternal","imprinted"
"Zrsr1_129",-0.000866666178823195,NA,-0.0156256544110815,0.00408305578328001,"Paternal","imprinted"
"Zrsr1_JF1",0.000161835079269343,0.0998098342889829,0.0527499341383526,-0.000235867086459083,"Paternal","active"
