Gene,Status,Expressed_Allele,WT_M1,WT_M2,WT_M3,WT_F1,WT_F2,WT_F3,HT_F1,HT_F2,HT_F3,KO_M1,KO_M2,KO_M3
Adam23,Imprinted,Paternal,19185,27424,11770,17140,15395,17526,23097,13222,18257,7195,14321,14740
Ampd3,Imprinted,Maternal,1319,2139,918,1213,1208,1671,2859,1540,1141,990,1670,1567
Ano1,Imprinted,Maternal,162,365,121,213,176,246,361,161,217,120,181,135
Aqp1,Imprinted,Maternal,2252,2240,1508,3670,66,2532,2613,531,110,908,34,53
Asb4,Imprinted,Maternal,7,24,3,43,30,42,72,11,14,7,22,8
Ascl2,Imprinted,Maternal,3,10,1,5,5,9,13,3,7,5,1,9
Axl,Imprinted,Maternal,3233,4780,2100,2842,2740,3279,4986,3136,3100,2737,3257,3392
Begain,Imprinted - Isoform Dependent,Paternal,5300,8354,4297,4705,5065,5854,8621,5325,4258,5439,4986,5379
Blcap,Imprinted - Isoform Dependent,Maternal,5067,8501,3930,5920,5196,6825,11086,6003,4334,3667,5660,5450
Calcr,Imprinted,Maternal,13,9,0,18,3,37,469,1,1,47,14,3
Ccdc40,Imprinted,Paternal,169,264,108,376,134,192,467,249,85,149,131,91
Cd81,Imprinted,Maternal,13979,22134,10733,16376,13536,17359,23826,14503,13429,10578,14777,14925
Cdh15,Imprinted,Paternal,46,101,41,70,61,95,234,31,85,32,151,158
Cdkn1c,Imprinted,Maternal,503,745,446,1219,153,676,1353,277,267,541,176,194
Chrac1,Imprinted,Maternal,264,455,195,358,239,362,536,311,245,227,308,261
Commd1,Imprinted,Maternal,656,920,468,738,603,789,1007,611,613,493,585,679
Copg2,Imprinted,Maternal,8341,12840,5390,7709,6736,8697,11241,6768,7719,3608,7052,7568
Dact2,Imprinted,Maternal,1387,1908,832,1488,1263,1568,2642,1320,1673,1662,1509,1456
Dcn,Imprinted,Maternal,448,1648,413,1409,469,3183,4211,6609,323,546,2472,1848
Ddc,Imprinted,Paternal,278,491,161,558,231,534,854,352,223,358,477,431
Dhcr7,Imprinted,Maternal,2582,3854,1764,2768,2224,2616,3919,1812,2016,1434,2525,2061
Dio3,Imprinted,Paternal,29,170,35,164,37,355,615,690,7,139,256,218
Dlk1,Imprinted,Paternal,132,364,172,461,128,393,2408,553,39,786,645,375
Fkbp6,Imprinted,Paternal,0,5,8,1,0,2,6,0,1,0,13,4
Fthl17a,Imprinted,Paternal,0,0,0,0,0,0,0,0,0,0,1,0
Fthl17b,Imprinted,Paternal,0,0,0,0,0,1,0,0,0,0,0,0
Fthl17c,Imprinted,Paternal,0,0,0,0,0,0,0,0,0,0,0,0
Fthl17d,Imprinted,Paternal,0,0,0,0,0,0,0,0,0,0,0,0
Fthl17e,Imprinted,Paternal,0,0,0,0,0,0,0,0,0,0,0,0
Fthl17f,Imprinted,Paternal,0,0,0,0,0,0,0,0,3,0,0,0
Ftx,Imprinted,Paternal,1425,1677,1288,1582,1663,1772,3643,1616,1188,931,1542,1473
Gab1,Imprinted,Paternal,3357,4050,1665,3979,2679,2791,4357,2136,2328,2041,2501,2256
Galnt6,Imprinted,Paternal,864,952,497,1592,797,697,1149,422,605,452,733,710
Gatm,Imprinted,Maternal,6339,8409,3481,7761,5803,6071,8056,3945,5198,3332,4813,4829
Gm35612,Imprinted,Maternal,34,61,23,20,23,30,51,9,20,82,44,65
Gnai3,Predicted,Maternal,3410,4228,2009,3345,2609,3335,4770,2565,2789,1726,2615,2749
Gnas,Imprinted - Isoform Dependent,Maternal,55789,85970,48420,63429,54931,68022,87464,54781,52486,44809,60174,58836
Grb10,Imprinted - Isoform Dependent,Maternal,1952,3587,1569,2463,1575,2798,7745,2724,1725,2147,3153,2440
H13,Imprinted,Maternal,3438,5330,2783,3875,3343,4501,8017,3857,2670,2434,3347,3345
H19,Imprinted,Maternal,6,3,7,16,6,4,2,1,11,1,1,2
Htr2a,Imprinted,Maternal,1179,1406,510,774,620,1169,1646,874,1062,679,934,1185
Hymai,Imprinted,Paternal,17,85,68,73,51,69,136,35,21,23,74,46
Igf2,Imprinted,Paternal,17752,16755,12577,28744,2031,16529,17522,5470,2446,7585,1182,1222
Igf2r,Tissue Dependent,Maternal,5835,8427,3647,6820,4665,6249,9240,4682,4715,3658,4842,4841
Impact,Imprinted,Paternal,15861,25479,11801,17106,14990,21899,36885,19941,14951,9198,18422,20117
Inpp5f,Imprinted,Paternal,11673,16945,7652,11103,9806,11314,16545,9436,10300,5610,9688,10559
Ins2,Imprinted,Paternal,23,30,19,41,0,15,39,10,1,73,0,0
Jade1,Imprinted,Paternal,2908,3815,1619,2803,2200,3010,4976,2448,2570,2367,2390,2657
Jpx,Imprinted,Paternal,391,539,291,362,262,359,632,249,373,293,383,406
Kcnk9,Imprinted,Maternal,3016,5214,2603,3305,3662,5000,12081,5966,2468,2922,4099,4371
Kcnq1,Imprinted,Maternal,24,43,17,16,18,33,45,26,26,11,12,25
Kcnq1ot1,Imprinted,Paternal,4584,6527,5480,4572,4528,5480,9870,3568,3573,3683,5416,3050
Klf14,Imprinted,Maternal,13,62,11,33,32,82,76,60,1,30,40,73
Maged2,Imprinted,Maternal,1942,3657,1600,2045,1726,2621,3906,2335,1572,1642,2077,2268
Magel2,Imprinted,Paternal,66,293,136,202,119,276,1138,154,69,141,356,217
Magi2,Imprinted,Paternal,13887,18704,7967,11621,10337,12387,17411,10940,13631,6546,11334,11108
Mcts2,Imprinted,Paternal,365,521,280,327,336,462,699,371,320,124,361,364
Meg3,Imprinted,Maternal,55209,65138,82065,57292,74077,81833,183574,85792,35636,46521,73507,65596
Mest,Imprinted,Paternal,2002,4259,2007,3577,2178,3646,7897,2904,1530,2383,3348,2220
Mir184,Imprinted,Paternal,0,0,0,0,0,0,0,0,0,0,0,0
Mir296,Imprinted,Paternal,0,0,0,0,0,0,0,1,0,0,0,0
Mirg,Imprinted,Maternal,528,663,685,565,635,728,2121,889,329,370,815,672
Mkrn3,Imprinted,Paternal,49,67,26,40,48,44,60,29,25,28,42,48
Nap1l4,Imprinted,Maternal,4697,7500,3307,5270,4221,5660,8313,4813,4475,3502,4639,4899
Nap1l5,Imprinted,Paternal,8795,13595,6127,8846,8677,11658,21148,11520,7591,7687,10818,11713
Nctc1,Imprinted,Paternal,0,0,0,0,0,0,0,0,0,0,1,0
Ndn,Imprinted,Paternal,8497,16676,7159,10594,9156,12834,21898,10781,8674,9216,11767,11749
Nlrp2,Imprinted,Maternal,0,0,0,0,0,0,0,0,0,0,0,0
Nnat,Imprinted,Paternal,10935,20717,11182,16268,15737,18058,26823,18805,8449,9786,16606,17335
Pde10a,Imprinted,Maternal,7915,11863,5042,6539,5691,7659,11736,6694,8640,4196,7217,7393
Peg10,Imprinted,Paternal,1393,3507,775,2904,960,3504,12469,1426,1098,2504,5937,3343
Peg12,Imprinted,Paternal,12,23,5,12,15,13,29,17,12,22,24,16
Peg13,Imprinted,Paternal,13338,21316,9514,13896,11451,15510,22335,13152,13515,9790,13565,14866
Peg3,Imprinted,Paternal,22725,38090,16543,25672,22475,27495,51013,21281,21810,16122,25697,23396
Peg3os,Imprinted,Paternal,12,16,2,4,8,1,17,12,9,4,8,5
Phlda2,Imprinted,Maternal,0,0,0,1,0,0,0,0,0,4,0,0
Plagl1,Imprinted,Paternal,1667,8166,4203,6433,4936,6691,9979,3518,907,3599,7712,5313
Platr20,Imprinted,Paternal,0,0,0,0,0,0,1,0,0,0,0,0
Pon2,Imprinted,Maternal,1796,2543,1146,1904,1299,1931,2555,1707,1460,931,1357,1477
Pon3,Imprinted,Maternal,922,1084,660,1491,190,1145,1138,383,199,323,147,164
Ppp1r9a,Imprinted,Maternal,28294,43653,17489,28371,24627,32050,43990,27762,30821,18161,26930,29945
Prkn,Imprinted,Maternal,432,1151,499,498,444,650,938,608,460,331,576,771
Qpct,Imprinted,Maternal,687,1282,610,813,810,883,1486,592,567,509,919,754
Rasgrf1,Imprinted,Paternal,40836,66541,30564,38099,35936,45493,61175,38823,41263,23718,47536,45116
Rian,Imprinted,Maternal,24499,29006,21563,19698,24905,23601,59230,33870,16970,12269,22893,23673
Rtl1,Imprinted,Paternal,13,22,11,15,11,27,242,14,4,56,20,9
Sall1,Imprinted,Paternal,1782,2365,1223,1827,1700,1869,2815,1644,1533,828,1608,1565
Sfmbt2,Imprinted,Paternal,678,852,690,723,513,994,1462,414,671,543,731,799
Sgce,Imprinted,Paternal,1193,1885,753,1244,1027,1275,2098,1145,1246,599,1166,1090
Slc22a18,Imprinted,Maternal,19,27,16,32,6,29,53,12,4,12,3,7
Slc22a2,Imprinted,Maternal,5,8,2,6,1,12,27,2,3,2,3,5
Slc22a3,Imprinted,Maternal,13,19,22,47,7,44,81,12,26,17,13,18
Slc38a4,Imprinted,Paternal,49,106,39,61,44,85,144,97,73,17,55,59
Smoc1,Imprinted,Paternal,609,1519,628,759,662,1230,4024,648,450,1110,1347,1048
Smoc2,Imprinted,Maternal,2928,4265,1815,3423,3158,2056,3045,790,3658,1735,2527,2917
Snrpn,Imprinted,Paternal,90,187,117,108,131,161,232,159,92,51,150,130
Snurf,Imprinted,Paternal,0,0,0,0,0,0,0,0,0,0,0,0
Snx14,Imprinted,Paternal,4353,6665,3097,4595,3991,4960,7104,4234,3910,2150,3976,4304
Tfpi2,Imprinted,Maternal,5,5,1,3,3,3,1,1,3,0,3,2
Th,Imprinted,Maternal,21,44,6,71,6,19,101,8,9,15,22,14
Thbs2,Imprinted,Maternal,932,1033,572,1030,235,735,797,385,278,353,199,363
Tnfrsf22,Imprinted,Maternal,90,139,57,107,71,99,150,68,68,43,59,52
Tnfrsf23,Imprinted,Maternal,23,33,14,27,30,18,49,17,14,6,12,11
Tnfrsf26,Imprinted,Maternal,1,1,2,2,1,0,2,1,0,0,1,0
Trappc9,Imprinted,Maternal,5887,10381,4534,6276,5659,7172,10521,5951,5466,5156,6321,6483
Tsix,Imprinted,Maternal,61,60,29,71,23,51,92,24,48,6,12,12
Tssc4,Imprinted,Maternal,1038,1569,816,1243,1017,1262,1926,1053,964,1199,963,1217
Ube3a,Imprinted,Maternal,25390,36069,15602,24081,21744,27864,38051,21766,24280,11428,23376,25004
Usp29,Imprinted,Paternal,3501,6337,2393,4316,3290,4442,12230,2954,3789,2281,4707,3995
Wt1,Tissue Dependent,Maternal,2,1,0,0,1,1,1,3,1,0,0,0
Xist,Imprinted,Paternal,61,3,4,59367,44643,56016,77782,38485,61497,1,0,32
Xlr3b,Imprinted,Maternal,40,236,73,76,5,114,267,83,239,62,146,240
Zdbf2,Imprinted,Paternal,2395,3672,1563,2970,2792,3961,10896,2779,2432,3351,4382,3759
Zfp64,Imprinted,Paternal,559,958,402,618,470,624,951,591,574,297,576,565
Zim1,Imprinted,Maternal,170,343,136,254,242,319,1356,174,186,169,221,160
Zim2,Imprinted,Maternal,0,2,1,7,0,0,4,0,2,2,2,2
Zim3,Imprinted,Maternal,3,7,2,7,6,2,26,5,9,4,4,6
