Gene,Status,Expressed_Allele,Sample,RawCount,Group,log2_count
Adam23,Imprinted,Paternal,WT_M1,19185,WT Male,14.227766341646404
Adam23,Imprinted,Paternal,WT_M2,27424,WT Male,14.743204000177917
Adam23,Imprinted,Paternal,WT_M3,11770,WT Male,13.522949268639264
Adam23,Imprinted,Paternal,WT_F1,17140,WT Female,14.065163657783812
Adam23,Imprinted,Paternal,WT_F2,15395,WT Female,13.91026795581084
Adam23,Imprinted,Paternal,WT_F3,17526,WT Female,14.097291458618448
Adam23,Imprinted,Paternal,HT_F1,23097,HT Female,14.49548031712162
Adam23,Imprinted,Paternal,HT_F2,13222,HT Female,13.690761908445975
Adam23,Imprinted,Paternal,HT_F3,18257,HT Female,14.156241119235752
Adam23,Imprinted,Paternal,KO_M1,7195,KO Male,12.812979471251483
Adam23,Imprinted,Paternal,KO_M2,14321,KO Male,13.805945351802933
Adam23,Imprinted,Paternal,KO_M3,14740,KO Male,13.847546776852514
Ampd3,Imprinted,Maternal,WT_M1,1319,WT Male,10.366322214245816
Ampd3,Imprinted,Maternal,WT_M2,2139,WT Male,11.06339508128851
Ampd3,Imprinted,Maternal,WT_M3,918,WT Male,9.843921051289035
Ampd3,Imprinted,Maternal,WT_F1,1213,WT Female,10.245552706255681
Ampd3,Imprinted,Maternal,WT_F2,1208,WT Female,10.239598529249124
Ampd3,Imprinted,Maternal,WT_F3,1671,WT Female,10.707359132080883
Ampd3,Imprinted,Maternal,HT_F1,2859,HT Female,11.481799431665753
Ampd3,Imprinted,Maternal,HT_F2,1540,HT Female,10.589651146514786
Ampd3,Imprinted,Maternal,HT_F3,1141,HT Female,10.157346935362844
Ampd3,Imprinted,Maternal,KO_M1,990,KO Male,9.952741247186488
Ampd3,Imprinted,Maternal,KO_M2,1670,KO Male,10.706496018061188
Ampd3,Imprinted,Maternal,KO_M3,1567,KO Male,10.614709844115207
Ano1,Imprinted,Maternal,WT_M1,162,WT Male,7.348728154231077
Ano1,Imprinted,Maternal,WT_M2,365,WT Male,8.515699838284043
Ano1,Imprinted,Maternal,WT_M3,121,WT Male,6.930737337562887
Ano1,Imprinted,Maternal,WT_F1,213,WT Female,7.741466986401147
Ano1,Imprinted,Maternal,WT_F2,176,WT Female,7.467605550082998
Ano1,Imprinted,Maternal,WT_F3,246,WT Female,7.948367231584678
Ano1,Imprinted,Maternal,HT_F1,361,HT Female,8.499845887083206
Ano1,Imprinted,Maternal,HT_F2,161,HT Female,7.339850002884624
Ano1,Imprinted,Maternal,HT_F3,217,HT Female,7.768184324776926
Ano1,Imprinted,Maternal,KO_M1,120,KO Male,6.918863237274595
Ano1,Imprinted,Maternal,KO_M2,181,KO Male,7.507794640198696
Ano1,Imprinted,Maternal,KO_M3,135,KO Male,7.087462841250339
Aqp1,Imprinted,Maternal,WT_M1,2252,WT Male,11.137631598235428
Aqp1,Imprinted,Maternal,WT_M2,2240,WT Male,11.129926933510394
Aqp1,Imprinted,Maternal,WT_M3,1508,WT Male,10.559377090526683
Aqp1,Imprinted,Maternal,WT_F1,3670,WT Female,11.841957399099547
Aqp1,Imprinted,Maternal,WT_F2,66,WT Female,6.066089190457772
Aqp1,Imprinted,Maternal,WT_F3,2532,WT Female,11.306631361712501
Aqp1,Imprinted,Maternal,HT_F1,2613,HT Female,11.352043425795433
Aqp1,Imprinted,Maternal,HT_F2,531,HT Female,9.055282435501189
Aqp1,Imprinted,Maternal,HT_F3,110,HT Female,6.794415866350106
Aqp1,Imprinted,Maternal,KO_M1,908,KO Male,9.828136484194108
Aqp1,Imprinted,Maternal,KO_M2,34,KO Male,5.129283016944966
Aqp1,Imprinted,Maternal,KO_M3,53,KO Male,5.754887502163468
Asb4,Imprinted,Maternal,WT_M1,7,WT Male,3
Asb4,Imprinted,Maternal,WT_M2,24,WT Male,4.643856189774724
Asb4,Imprinted,Maternal,WT_M3,3,WT Male,2
Asb4,Imprinted,Maternal,WT_F1,43,WT Female,5.459431618637297
Asb4,Imprinted,Maternal,WT_F2,30,WT Female,4.954196310386875
Asb4,Imprinted,Maternal,WT_F3,42,WT Female,5.426264754702098
Asb4,Imprinted,Maternal,HT_F1,72,HT Female,6.189824558880018
Asb4,Imprinted,Maternal,HT_F2,11,HT Female,3.584962500721156
Asb4,Imprinted,Maternal,HT_F3,14,HT Female,3.9068905956085187
Asb4,Imprinted,Maternal,KO_M1,7,KO Male,3
Asb4,Imprinted,Maternal,KO_M2,22,KO Male,4.523561956057013
Asb4,Imprinted,Maternal,KO_M3,8,KO Male,3.169925001442312
Ascl2,Imprinted,Maternal,WT_M1,3,WT Male,2
Ascl2,Imprinted,Maternal,WT_M2,10,WT Male,3.4594316186372973
Ascl2,Imprinted,Maternal,WT_M3,1,WT Male,1
Ascl2,Imprinted,Maternal,WT_F1,5,WT Female,2.584962500721156
Ascl2,Imprinted,Maternal,WT_F2,5,WT Female,2.584962500721156
Ascl2,Imprinted,Maternal,WT_F3,9,WT Female,3.321928094887362
Ascl2,Imprinted,Maternal,HT_F1,13,HT Female,3.807354922057604
Ascl2,Imprinted,Maternal,HT_F2,3,HT Female,2
Ascl2,Imprinted,Maternal,HT_F3,7,HT Female,3
Ascl2,Imprinted,Maternal,KO_M1,5,KO Male,2.584962500721156
Ascl2,Imprinted,Maternal,KO_M2,1,KO Male,1
Ascl2,Imprinted,Maternal,KO_M3,9,KO Male,3.321928094887362
Axl,Imprinted,Maternal,WT_M1,3233,WT Male,11.659103963473662
Axl,Imprinted,Maternal,WT_M2,4780,WT Male,12.223096690347695
Axl,Imprinted,Maternal,WT_M3,2100,WT Male,11.036860446673046
Axl,Imprinted,Maternal,WT_F1,2842,WT Female,11.473198383677527
Axl,Imprinted,Maternal,WT_F2,2740,WT Female,11.420486612825774
Axl,Imprinted,Maternal,WT_F3,3279,WT Female,11.679480099505446
Axl,Imprinted,Maternal,HT_F1,4986,HT Female,12.283956487665113
Axl,Imprinted,Maternal,HT_F2,3136,HT Female,11.615169813843602
Axl,Imprinted,Maternal,HT_F3,3100,HT Female,11.598517810612622
Axl,Imprinted,Maternal,KO_M1,2737,KO Male,11.4189067312579
Axl,Imprinted,Maternal,KO_M2,3257,KO Male,11.669770888525518
Axl,Imprinted,Maternal,KO_M3,3392,KO Male,11.728345714710978
Begain,Imprinted - Isoform Dependent,Paternal,WT_M1,5300,WT Male,12.372048825272772
Begain,Imprinted - Isoform Dependent,Paternal,WT_M2,8354,WT Male,13.02842411294855
Begain,Imprinted - Isoform Dependent,Paternal,WT_M3,4297,WT Male,12.069449767427784
Begain,Imprinted - Isoform Dependent,Paternal,WT_F1,4705,WT Female,12.200285605224298
Begain,Imprinted - Isoform Dependent,Paternal,WT_F2,5065,WT Female,12.306631361712501
Begain,Imprinted - Isoform Dependent,Paternal,WT_F3,5854,WT Female,12.515453455388577
Begain,Imprinted - Isoform Dependent,Paternal,HT_F1,8621,HT Female,13.073806847178492
Begain,Imprinted - Isoform Dependent,Paternal,HT_F2,5325,HT Female,12.378836713210614
Begain,Imprinted - Isoform Dependent,Paternal,HT_F3,4258,HT Female,12.056299014550337
Begain,Imprinted - Isoform Dependent,Paternal,KO_M1,5439,KO Male,12.409390936137703
Begain,Imprinted - Isoform Dependent,Paternal,KO_M2,4986,KO Male,12.283956487665113
Begain,Imprinted - Isoform Dependent,Paternal,KO_M3,5379,KO Male,12.393390457443987
Blcap,Imprinted - Isoform Dependent,Maternal,WT_M1,5067,WT Male,12.30720080914081
Blcap,Imprinted - Isoform Dependent,Maternal,WT_M2,8501,WT Male,13.053586543639176
Blcap,Imprinted - Isoform Dependent,Maternal,WT_M3,3930,WT Male,11.940680648424093
Blcap,Imprinted - Isoform Dependent,Maternal,WT_F1,5920,WT Female,12.531625138422624
Blcap,Imprinted - Isoform Dependent,Maternal,WT_F2,5196,WT Female,12.343463343667903
Blcap,Imprinted - Isoform Dependent,Maternal,WT_F3,6825,WT Female,12.736824699098866
Blcap,Imprinted - Isoform Dependent,Maternal,HT_F1,11086,HT Female,13.43658142308045
Blcap,Imprinted - Isoform Dependent,Maternal,HT_F2,6003,HT Female,12.55170826162069
Blcap,Imprinted - Isoform Dependent,Maternal,HT_F3,4334,HT Female,12.081816278109198
Blcap,Imprinted - Isoform Dependent,Maternal,KO_M1,3667,KO Male,11.840777923595054
Blcap,Imprinted - Isoform Dependent,Maternal,KO_M2,5660,KO Male,12.466841208321602
Blcap,Imprinted - Isoform Dependent,Maternal,KO_M3,5450,KO Male,12.412305204955272
Calcr,Imprinted,Maternal,WT_M1,13,WT Male,3.807354922057604
Calcr,Imprinted,Maternal,WT_M2,9,WT Male,3.321928094887362
Calcr,Imprinted,Maternal,WT_M3,0,WT Male,0
Calcr,Imprinted,Maternal,WT_F1,18,WT Female,4.247927513443585
Calcr,Imprinted,Maternal,WT_F2,3,WT Female,2
Calcr,Imprinted,Maternal,WT_F3,37,WT Female,5.247927513443585
Calcr,Imprinted,Maternal,HT_F1,469,HT Female,8.876516946565
Calcr,Imprinted,Maternal,HT_F2,1,HT Female,1
Calcr,Imprinted,Maternal,HT_F3,1,HT Female,1
Calcr,Imprinted,Maternal,KO_M1,47,KO Male,5.584962500721156
Calcr,Imprinted,Maternal,KO_M2,14,KO Male,3.9068905956085187
Calcr,Imprinted,Maternal,KO_M3,3,KO Male,2
Ccdc40,Imprinted,Paternal,WT_M1,169,WT Male,7.409390936137702
Ccdc40,Imprinted,Paternal,WT_M2,264,WT Male,8.049848549450562
Ccdc40,Imprinted,Paternal,WT_M3,108,WT Male,6.768184324776926
Ccdc40,Imprinted,Paternal,WT_F1,376,WT Female,8.558420713268664
Ccdc40,Imprinted,Paternal,WT_F2,134,WT Female,7.076815597050831
Ccdc40,Imprinted,Paternal,WT_F3,192,WT Female,7.592457037268081
Ccdc40,Imprinted,Paternal,HT_F1,467,HT Female,8.870364719583405
Ccdc40,Imprinted,Paternal,HT_F2,249,HT Female,7.965784284662087
Ccdc40,Imprinted,Paternal,HT_F3,85,HT Female,6.426264754702098
Ccdc40,Imprinted,Paternal,KO_M1,149,KO Male,7.22881869049588
Ccdc40,Imprinted,Paternal,KO_M2,131,KO Male,7.044394119358453
Ccdc40,Imprinted,Paternal,KO_M3,91,KO Male,6.523561956057013
Cd81,Imprinted,Maternal,WT_M1,13979,WT Male,13.7710767402628
Cd81,Imprinted,Maternal,WT_M2,22134,WT Male,14.434041752985229
Cd81,Imprinted,Maternal,WT_M3,10733,WT Male,13.389900172773064
Cd81,Imprinted,Maternal,WT_F1,16376,WT Female,13.999383482467573
Cd81,Imprinted,Maternal,WT_F2,13536,WT Female,13.724620431263602
Cd81,Imprinted,Maternal,WT_F3,17359,WT Female,14.083479327331842
Cd81,Imprinted,Maternal,HT_F1,23826,HT Female,14.540309696265187
Cd81,Imprinted,Maternal,HT_F2,14503,HT Female,13.824163209744158
Cd81,Imprinted,Maternal,HT_F3,13429,HT Female,13.713171684314805
Cd81,Imprinted,Maternal,KO_M1,10578,KO Male,13.368915639966843
Cd81,Imprinted,Maternal,KO_M2,14777,KO Male,13.851163413220117
Cd81,Imprinted,Maternal,KO_M3,14925,KO Male,13.865539970785697
Cdh15,Imprinted,Paternal,WT_M1,46,WT Male,5.554588851677638
Cdh15,Imprinted,Paternal,WT_M2,101,WT Male,6.672425341971495
Cdh15,Imprinted,Paternal,WT_M3,41,WT Male,5.392317422778761
Cdh15,Imprinted,Paternal,WT_F1,70,WT Female,6.149747119504682
Cdh15,Imprinted,Paternal,WT_F2,61,WT Female,5.954196310386875
Cdh15,Imprinted,Paternal,WT_F3,95,WT Female,6.584962500721156
Cdh15,Imprinted,Paternal,HT_F1,234,HT Female,7.876516946564999
Cdh15,Imprinted,Paternal,HT_F2,31,HT Female,5
Cdh15,Imprinted,Paternal,HT_F3,85,HT Female,6.426264754702098
Cdh15,Imprinted,Paternal,KO_M1,32,KO Male,5.044394119358453
Cdh15,Imprinted,Paternal,KO_M2,151,KO Male,7.247927513443585
Cdh15,Imprinted,Paternal,KO_M3,158,KO Male,7.312882955284356
Cdkn1c,Imprinted,Maternal,WT_M1,503,WT Male,8.977279923499916
Cdkn1c,Imprinted,Maternal,WT_M2,745,WT Male,9.543031820255237
Cdkn1c,Imprinted,Maternal,WT_M3,446,WT Male,8.804131021183318
Cdkn1c,Imprinted,Maternal,WT_F1,1219,WT Female,10.252665432450248
Cdkn1c,Imprinted,Maternal,WT_F2,153,WT Female,7.266786540694901
Cdkn1c,Imprinted,Maternal,WT_F3,676,WT Female,9.403012023574997
Cdkn1c,Imprinted,Maternal,HT_F1,1353,HT Female,10.403012023574997
Cdkn1c,Imprinted,Maternal,HT_F2,277,HT Female,8.118941072723507
Cdkn1c,Imprinted,Maternal,HT_F3,267,HT Female,8.066089190457772
Cdkn1c,Imprinted,Maternal,KO_M1,541,KO Male,9.08214904135387
Cdkn1c,Imprinted,Maternal,KO_M2,176,KO Male,7.467605550082998
Cdkn1c,Imprinted,Maternal,KO_M3,194,KO Male,7.60733031374961
Chrac1,Imprinted,Maternal,WT_M1,264,WT Male,8.049848549450562
Chrac1,Imprinted,Maternal,WT_M2,455,WT Male,8.832890014164741
Chrac1,Imprinted,Maternal,WT_M3,195,WT Male,7.614709844115208
Chrac1,Imprinted,Maternal,WT_F1,358,WT Female,8.487840033823051
Chrac1,Imprinted,Maternal,WT_F2,239,WT Female,7.906890595608519
Chrac1,Imprinted,Maternal,WT_F3,362,WT Female,8.50382573799575
Chrac1,Imprinted,Maternal,HT_F1,536,HT Female,9.068778277985412
Chrac1,Imprinted,Maternal,HT_F2,311,HT Female,8.285402218862249
Chrac1,Imprinted,Maternal,HT_F3,245,HT Female,7.94251450533924
Chrac1,Imprinted,Maternal,KO_M1,227,KO Male,7.832890014164741
Chrac1,Imprinted,Maternal,KO_M2,308,KO Male,8.271463027904375
Chrac1,Imprinted,Maternal,KO_M3,261,KO Male,8.03342300153745
Commd1,Imprinted,Maternal,WT_M1,656,WT Male,9.35974956032233
Commd1,Imprinted,Maternal,WT_M2,920,WT Male,9.847057346091336
Commd1,Imprinted,Maternal,WT_M3,468,WT Male,8.873444112515376
Commd1,Imprinted,Maternal,WT_F1,738,WT Female,9.52943055414615
Commd1,Imprinted,Maternal,WT_F2,603,WT Female,9.238404739325079
Commd1,Imprinted,Maternal,WT_F3,789,WT Female,9.625708843064466
Commd1,Imprinted,Maternal,HT_F1,1007,HT Female,9.977279923499916
Commd1,Imprinted,Maternal,HT_F2,611,HT Female,9.257387842692651
Commd1,Imprinted,Maternal,HT_F3,613,HT Female,9.262094845370179
Commd1,Imprinted,Maternal,KO_M1,493,KO Male,8.948367231584678
Commd1,Imprinted,Maternal,KO_M2,585,KO Male,9.194756854422248
Commd1,Imprinted,Maternal,KO_M3,679,KO Male,9.409390936137703
Copg2,Imprinted,Maternal,WT_M1,8341,WT Male,13.026177596889225
Copg2,Imprinted,Maternal,WT_M2,12840,WT Male,13.648469937061385
Copg2,Imprinted,Maternal,WT_M3,5390,WT Male,12.396337194231098
Copg2,Imprinted,Maternal,WT_F1,7709,WT Female,12.912515144802397
Copg2,Imprinted,Maternal,WT_F2,6736,WT Female,12.71789058398728
Copg2,Imprinted,Maternal,WT_F3,8697,WT Female,13.086467993464069
Copg2,Imprinted,Maternal,HT_F1,11241,HT Female,13.456611099574918
Copg2,Imprinted,Maternal,HT_F2,6768,HT Female,12.724727001534445
Copg2,Imprinted,Maternal,HT_F3,7719,HT Female,12.914385132155443
Copg2,Imprinted,Maternal,KO_M1,3608,KO Male,11.817383427897232
Copg2,Imprinted,Maternal,KO_M2,7052,KO Male,12.784021324374178
Copg2,Imprinted,Maternal,KO_M3,7568,KO Male,12.885886991697456
Dact2,Imprinted,Maternal,WT_M1,1387,WT Male,10.43879185257826
Dact2,Imprinted,Maternal,WT_M2,1908,WT Male,10.898601387403938
Dact2,Imprinted,Maternal,WT_M3,832,WT Male,9.702172685365548
Dact2,Imprinted,Maternal,WT_F1,1488,WT Female,10.5401280385821
Dact2,Imprinted,Maternal,WT_F2,1263,WT Female,10.303780748177102
Dact2,Imprinted,Maternal,WT_F3,1568,WT Female,10.615629636968098
Dact2,Imprinted,Maternal,HT_F1,2642,HT Female,11.36796070964157
Dact2,Imprinted,Maternal,HT_F2,1320,HT Female,10.367414751246828
Dact2,Imprinted,Maternal,HT_F3,1673,HT Female,10.709083812550343
Dact2,Imprinted,Maternal,KO_M1,1662,KO Male,10.699572453287269
Dact2,Imprinted,Maternal,KO_M2,1509,KO Male,10.560332834212442
Dact2,Imprinted,Maternal,KO_M3,1456,KO Male,10.508785162064513
Dcn,Imprinted,Maternal,WT_M1,448,WT Male,8.810571634741146
Dcn,Imprinted,Maternal,WT_M2,1648,WT Male,10.687375683437468
Dcn,Imprinted,Maternal,WT_M3,413,WT Male,8.693486957499326
Dcn,Imprinted,Maternal,WT_F1,1409,WT Female,10.461479447286155
Dcn,Imprinted,Maternal,WT_F2,469,WT Female,8.876516946565
Dcn,Imprinted,Maternal,WT_F3,3183,WT Female,11.63662462054365
Dcn,Imprinted,Maternal,HT_F1,4211,HT Female,12.040289721025717
Dcn,Imprinted,Maternal,HT_F2,6609,HT Female,12.690434556395054
Dcn,Imprinted,Maternal,HT_F3,323,HT Female,8.339850002884624
Dcn,Imprinted,Maternal,KO_M1,546,KO Male,9.095397022792557
Dcn,Imprinted,Maternal,KO_M2,2472,KO Male,11.272046524389937
Dcn,Imprinted,Maternal,KO_M3,1848,KO Male,10.852529509404196
Ddc,Imprinted,Paternal,WT_M1,278,WT Male,8.124121311829187
Ddc,Imprinted,Paternal,WT_M2,491,WT Male,8.94251450533924
Ddc,Imprinted,Paternal,WT_M3,161,WT Male,7.339850002884624
Ddc,Imprinted,Paternal,WT_F1,558,WT Female,9.12670447284319
Ddc,Imprinted,Paternal,WT_F2,231,WT Female,7.857980995127572
Ddc,Imprinted,Paternal,WT_F3,534,WT Female,9.06339508128851
Ddc,Imprinted,Paternal,HT_F1,854,HT Female,9.73978060977326
Ddc,Imprinted,Paternal,HT_F2,352,HT Female,8.46352437327118
Ddc,Imprinted,Paternal,HT_F3,223,HT Female,7.807354922057604
Ddc,Imprinted,Paternal,KO_M1,358,KO Male,8.487840033823051
Ddc,Imprinted,Paternal,KO_M2,477,KO Male,8.900866807980748
Ddc,Imprinted,Paternal,KO_M3,431,KO Male,8.754887502163468
Dhcr7,Imprinted,Maternal,WT_M1,2582,WT Male,11.334831928118
Dhcr7,Imprinted,Maternal,WT_M2,3854,WT Male,11.912515144802397
Dhcr7,Imprinted,Maternal,WT_M3,1764,WT Male,10.785452468158542
Dhcr7,Imprinted,Maternal,WT_F1,2768,WT Female,11.43514933836693
Dhcr7,Imprinted,Maternal,WT_F2,2224,WT Female,11.119589620741122
Dhcr7,Imprinted,Maternal,WT_F3,2616,WT Female,11.353698209048035
Dhcr7,Imprinted,Maternal,HT_F1,3919,HT Female,11.936637939002571
Dhcr7,Imprinted,Maternal,HT_F2,1812,HT Female,10.824163209744158
Dhcr7,Imprinted,Maternal,HT_F3,2016,HT Female,10.977995368612962
Dhcr7,Imprinted,Maternal,KO_M1,1434,KO Male,10.486835021563051
Dhcr7,Imprinted,Maternal,KO_M2,2525,KO Male,11.302638923787553
Dhcr7,Imprinted,Maternal,KO_M3,2061,KO Male,11.00982861736811
Dio3,Imprinted,Paternal,WT_M1,29,WT Male,4.906890595608519
Dio3,Imprinted,Paternal,WT_M2,170,WT Male,7.417852514885898
Dio3,Imprinted,Paternal,WT_M3,35,WT Male,5.169925001442312
Dio3,Imprinted,Paternal,WT_F1,164,WT Female,7.366322214245816
Dio3,Imprinted,Paternal,WT_F2,37,WT Female,5.247927513443585
Dio3,Imprinted,Paternal,WT_F3,355,WT Female,8.475733430966399
Dio3,Imprinted,Paternal,HT_F1,615,HT Female,9.266786540694902
Dio3,Imprinted,Paternal,HT_F2,690,HT Female,9.432541900388259
Dio3,Imprinted,Paternal,HT_F3,7,HT Female,3
Dio3,Imprinted,Paternal,KO_M1,139,KO Male,7.129283016944966
Dio3,Imprinted,Paternal,KO_M2,256,KO Male,8.005624549193879
Dio3,Imprinted,Paternal,KO_M3,218,KO Male,7.774787059601174
Dlk1,Imprinted,Paternal,WT_M1,132,WT Male,7.05528243550119
Dlk1,Imprinted,Paternal,WT_M2,364,WT Male,8.51175265376738
Dlk1,Imprinted,Paternal,WT_M3,172,WT Male,7.434628227636725
Dlk1,Imprinted,Paternal,WT_F1,461,WT Female,8.851749041416058
Dlk1,Imprinted,Paternal,WT_F2,128,WT Female,7.011227255423254
Dlk1,Imprinted,Paternal,WT_F3,393,WT Female,8.622051819456376
Dlk1,Imprinted,Paternal,HT_F1,2408,HT Female,11.23421867823847
Dlk1,Imprinted,Paternal,HT_F2,553,HT Female,9.113742166049189
Dlk1,Imprinted,Paternal,HT_F3,39,HT Female,5.321928094887363
Dlk1,Imprinted,Paternal,KO_M1,786,KO Male,9.620219825507487
Dlk1,Imprinted,Paternal,KO_M2,645,KO Male,9.335390354693924
Dlk1,Imprinted,Paternal,KO_M3,375,KO Male,8.554588851677638
Fkbp6,Imprinted,Paternal,WT_M1,0,WT Male,0
Fkbp6,Imprinted,Paternal,WT_M2,5,WT Male,2.584962500721156
Fkbp6,Imprinted,Paternal,WT_M3,8,WT Male,3.169925001442312
Fkbp6,Imprinted,Paternal,WT_F1,1,WT Female,1
Fkbp6,Imprinted,Paternal,WT_F2,0,WT Female,0
Fkbp6,Imprinted,Paternal,WT_F3,2,WT Female,1.584962500721156
Fkbp6,Imprinted,Paternal,HT_F1,6,HT Female,2.807354922057604
Fkbp6,Imprinted,Paternal,HT_F2,0,HT Female,0
Fkbp6,Imprinted,Paternal,HT_F3,1,HT Female,1
Fkbp6,Imprinted,Paternal,KO_M1,0,KO Male,0
Fkbp6,Imprinted,Paternal,KO_M2,13,KO Male,3.807354922057604
Fkbp6,Imprinted,Paternal,KO_M3,4,KO Male,2.321928094887362
Fthl17a,Imprinted,Paternal,WT_M1,0,WT Male,0
Fthl17a,Imprinted,Paternal,WT_M2,0,WT Male,0
Fthl17a,Imprinted,Paternal,WT_M3,0,WT Male,0
Fthl17a,Imprinted,Paternal,WT_F1,0,WT Female,0
Fthl17a,Imprinted,Paternal,WT_F2,0,WT Female,0
Fthl17a,Imprinted,Paternal,WT_F3,0,WT Female,0
Fthl17a,Imprinted,Paternal,HT_F1,0,HT Female,0
Fthl17a,Imprinted,Paternal,HT_F2,0,HT Female,0
Fthl17a,Imprinted,Paternal,HT_F3,0,HT Female,0
Fthl17a,Imprinted,Paternal,KO_M1,0,KO Male,0
Fthl17a,Imprinted,Paternal,KO_M2,1,KO Male,1
Fthl17a,Imprinted,Paternal,KO_M3,0,KO Male,0
Fthl17b,Imprinted,Paternal,WT_M1,0,WT Male,0
Fthl17b,Imprinted,Paternal,WT_M2,0,WT Male,0
Fthl17b,Imprinted,Paternal,WT_M3,0,WT Male,0
Fthl17b,Imprinted,Paternal,WT_F1,0,WT Female,0
Fthl17b,Imprinted,Paternal,WT_F2,0,WT Female,0
Fthl17b,Imprinted,Paternal,WT_F3,1,WT Female,1
Fthl17b,Imprinted,Paternal,HT_F1,0,HT Female,0
Fthl17b,Imprinted,Paternal,HT_F2,0,HT Female,0
Fthl17b,Imprinted,Paternal,HT_F3,0,HT Female,0
Fthl17b,Imprinted,Paternal,KO_M1,0,KO Male,0
Fthl17b,Imprinted,Paternal,KO_M2,0,KO Male,0
Fthl17b,Imprinted,Paternal,KO_M3,0,KO Male,0
Fthl17c,Imprinted,Paternal,WT_M1,0,WT Male,0
Fthl17c,Imprinted,Paternal,WT_M2,0,WT Male,0
Fthl17c,Imprinted,Paternal,WT_M3,0,WT Male,0
Fthl17c,Imprinted,Paternal,WT_F1,0,WT Female,0
Fthl17c,Imprinted,Paternal,WT_F2,0,WT Female,0
Fthl17c,Imprinted,Paternal,WT_F3,0,WT Female,0
Fthl17c,Imprinted,Paternal,HT_F1,0,HT Female,0
Fthl17c,Imprinted,Paternal,HT_F2,0,HT Female,0
Fthl17c,Imprinted,Paternal,HT_F3,0,HT Female,0
Fthl17c,Imprinted,Paternal,KO_M1,0,KO Male,0
Fthl17c,Imprinted,Paternal,KO_M2,0,KO Male,0
Fthl17c,Imprinted,Paternal,KO_M3,0,KO Male,0
Fthl17d,Imprinted,Paternal,WT_M1,0,WT Male,0
Fthl17d,Imprinted,Paternal,WT_M2,0,WT Male,0
Fthl17d,Imprinted,Paternal,WT_M3,0,WT Male,0
Fthl17d,Imprinted,Paternal,WT_F1,0,WT Female,0
Fthl17d,Imprinted,Paternal,WT_F2,0,WT Female,0
Fthl17d,Imprinted,Paternal,WT_F3,0,WT Female,0
Fthl17d,Imprinted,Paternal,HT_F1,0,HT Female,0
Fthl17d,Imprinted,Paternal,HT_F2,0,HT Female,0
Fthl17d,Imprinted,Paternal,HT_F3,0,HT Female,0
Fthl17d,Imprinted,Paternal,KO_M1,0,KO Male,0
Fthl17d,Imprinted,Paternal,KO_M2,0,KO Male,0
Fthl17d,Imprinted,Paternal,KO_M3,0,KO Male,0
Fthl17e,Imprinted,Paternal,WT_M1,0,WT Male,0
Fthl17e,Imprinted,Paternal,WT_M2,0,WT Male,0
Fthl17e,Imprinted,Paternal,WT_M3,0,WT Male,0
Fthl17e,Imprinted,Paternal,WT_F1,0,WT Female,0
Fthl17e,Imprinted,Paternal,WT_F2,0,WT Female,0
Fthl17e,Imprinted,Paternal,WT_F3,0,WT Female,0
Fthl17e,Imprinted,Paternal,HT_F1,0,HT Female,0
Fthl17e,Imprinted,Paternal,HT_F2,0,HT Female,0
Fthl17e,Imprinted,Paternal,HT_F3,0,HT Female,0
Fthl17e,Imprinted,Paternal,KO_M1,0,KO Male,0
Fthl17e,Imprinted,Paternal,KO_M2,0,KO Male,0
Fthl17e,Imprinted,Paternal,KO_M3,0,KO Male,0
Fthl17f,Imprinted,Paternal,WT_M1,0,WT Male,0
Fthl17f,Imprinted,Paternal,WT_M2,0,WT Male,0
Fthl17f,Imprinted,Paternal,WT_M3,0,WT Male,0
Fthl17f,Imprinted,Paternal,WT_F1,0,WT Female,0
Fthl17f,Imprinted,Paternal,WT_F2,0,WT Female,0
Fthl17f,Imprinted,Paternal,WT_F3,0,WT Female,0
Fthl17f,Imprinted,Paternal,HT_F1,0,HT Female,0
Fthl17f,Imprinted,Paternal,HT_F2,0,HT Female,0
Fthl17f,Imprinted,Paternal,HT_F3,3,HT Female,2
Fthl17f,Imprinted,Paternal,KO_M1,0,KO Male,0
Fthl17f,Imprinted,Paternal,KO_M2,0,KO Male,0
Fthl17f,Imprinted,Paternal,KO_M3,0,KO Male,0
Ftx,Imprinted,Paternal,WT_M1,1425,WT Male,10.477758266443889
Ftx,Imprinted,Paternal,WT_M2,1677,WT Male,10.712527000439824
Ftx,Imprinted,Paternal,WT_M3,1288,WT Male,10.332036548361652
Ftx,Imprinted,Paternal,WT_F1,1582,WT Female,10.62844554013718
Ftx,Imprinted,Paternal,WT_F2,1663,WT Female,10.700439718141093
Ftx,Imprinted,Paternal,WT_F3,1772,WT Female,10.79197682089869
Ftx,Imprinted,Paternal,HT_F1,3643,HT Female,11.831307243802051
Ftx,Imprinted,Paternal,HT_F2,1616,HT Female,10.659103963473662
Ftx,Imprinted,Paternal,HT_F3,1188,HT Female,10.215532999745657
Ftx,Imprinted,Paternal,KO_M1,931,KO Male,9.86418614465428
Ftx,Imprinted,Paternal,KO_M2,1542,KO Male,10.591522346570734
Ftx,Imprinted,Paternal,KO_M3,1473,KO Male,10.52552080909507
Gab1,Imprinted,Paternal,WT_M1,3357,WT Male,11.71338651493703
Gab1,Imprinted,Paternal,WT_M2,4050,WT Male,11.984062369686436
Gab1,Imprinted,Paternal,WT_M3,1665,WT Male,10.702172685365548
Gab1,Imprinted,Paternal,WT_F1,3979,WT Female,11.958552715431011
Gab1,Imprinted,Paternal,WT_F2,2679,WT Female,11.388017285345136
Gab1,Imprinted,Paternal,WT_F3,2791,WT Female,11.447083226209653
Gab1,Imprinted,Paternal,HT_F1,4357,HT Female,12.089450481115907
Gab1,Imprinted,Paternal,HT_F2,2136,HT Female,11.061371192659811
Gab1,Imprinted,Paternal,HT_F3,2328,HT Female,11.185494924210866
Gab1,Imprinted,Paternal,KO_M1,2041,KO Male,10.995767150877802
Gab1,Imprinted,Paternal,KO_M2,2501,KO Male,11.28886607416582
Gab1,Imprinted,Paternal,KO_M3,2256,KO Male,11.140190703191836
Galnt6,Imprinted,Paternal,WT_M1,864,WT Male,9.756556322524087
Galnt6,Imprinted,Paternal,WT_M2,952,WT Male,9.896332403909941
Galnt6,Imprinted,Paternal,WT_M3,497,WT Male,8.960001932068081
Galnt6,Imprinted,Paternal,WT_F1,1592,WT Female,10.63753055152531
Galnt6,Imprinted,Paternal,WT_F2,797,WT Female,9.640244936222345
Galnt6,Imprinted,Paternal,WT_F3,697,WT Female,9.447083226209653
Galnt6,Imprinted,Paternal,HT_F1,1149,HT Female,10.167418145831737
Galnt6,Imprinted,Paternal,HT_F2,422,HT Female,8.72451385311995
Galnt6,Imprinted,Paternal,HT_F3,605,HT Female,9.243173983472952
Galnt6,Imprinted,Paternal,KO_M1,452,KO Male,8.823367240046235
Galnt6,Imprinted,Paternal,KO_M2,733,KO Male,9.519636252843213
Galnt6,Imprinted,Paternal,KO_M3,710,KO Male,9.473705749619416
Gatm,Imprinted,Maternal,WT_M1,6339,WT Male,12.63026712502677
Gatm,Imprinted,Maternal,WT_M2,8409,WT Male,13.037890085142507
Gatm,Imprinted,Maternal,WT_M3,3481,WT Male,11.7657004876511
Gatm,Imprinted,Maternal,WT_F1,7761,WT Female,12.922212717785449
Gatm,Imprinted,Maternal,WT_F2,5803,WT Female,12.502831804066744
Gatm,Imprinted,Maternal,WT_F3,6071,WT Female,12.567956075415466
Gatm,Imprinted,Maternal,HT_F1,8056,HT Female,12.976027040189834
Gatm,Imprinted,Maternal,HT_F2,3945,HT Female,11.946175240723559
Gatm,Imprinted,Maternal,HT_F3,5198,HT Female,12.344018439881326
Gatm,Imprinted,Maternal,KO_M1,3332,KO Male,11.702605602110248
Gatm,Imprinted,Maternal,KO_M2,4813,KO Male,12.233020426474496
Gatm,Imprinted,Maternal,KO_M3,4829,KO Male,12.237807473723135
Gm35612,Imprinted,Maternal,WT_M1,34,WT Male,5.129283016944966
Gm35612,Imprinted,Maternal,WT_M2,61,WT Male,5.954196310386875
Gm35612,Imprinted,Maternal,WT_M3,23,WT Male,4.584962500721156
Gm35612,Imprinted,Maternal,WT_F1,20,WT Female,4.392317422778761
Gm35612,Imprinted,Maternal,WT_F2,23,WT Female,4.584962500721156
Gm35612,Imprinted,Maternal,WT_F3,30,WT Female,4.954196310386875
Gm35612,Imprinted,Maternal,HT_F1,51,HT Female,5.700439718141092
Gm35612,Imprinted,Maternal,HT_F2,9,HT Female,3.321928094887362
Gm35612,Imprinted,Maternal,HT_F3,20,HT Female,4.392317422778761
Gm35612,Imprinted,Maternal,KO_M1,82,KO Male,6.3750394313469245
Gm35612,Imprinted,Maternal,KO_M2,44,KO Male,5.491853096329675
Gm35612,Imprinted,Maternal,KO_M3,65,KO Male,6.044394119358453
Gnai3,Predicted,Maternal,WT_M1,3410,WT Male,11.735979039613404
Gnai3,Predicted,Maternal,WT_M2,4228,WT Male,12.046100845028802
Gnai3,Predicted,Maternal,WT_M3,2009,WT Male,10.972979786066292
Gnai3,Predicted,Maternal,WT_F1,3345,WT Female,11.708221730038353
Gnai3,Predicted,Maternal,WT_F2,2609,WT Female,11.349834091457247
Gnai3,Predicted,Maternal,WT_F3,3335,WT Female,11.703903573444663
Gnai3,Predicted,Maternal,HT_F1,4770,HT Female,12.220075970984304
Gnai3,Predicted,Maternal,HT_F2,2565,HT Female,11.325305455089682
Gnai3,Predicted,Maternal,HT_F3,2789,HT Female,11.44604940671655
Gnai3,Predicted,Maternal,KO_M1,1726,KO Male,10.754052367528924
Gnai3,Predicted,Maternal,KO_M2,2615,KO Male,11.353146825498083
Gnai3,Predicted,Maternal,KO_M3,2749,KO Male,11.425215903299383
Gnas,Imprinted - Isoform Dependent,Maternal,WT_M1,55789,WT Male,15.767718930935438
Gnas,Imprinted - Isoform Dependent,Maternal,WT_M2,85970,WT Male,16.391562467133024
Gnas,Imprinted - Isoform Dependent,Maternal,WT_M3,48420,WT Male,15.56334525401524
Gnas,Imprinted - Isoform Dependent,Maternal,WT_F1,63429,WT Female,15.952877721720233
Gnas,Imprinted - Isoform Dependent,Maternal,WT_F2,54931,WT Female,15.745359198941893
Gnas,Imprinted - Isoform Dependent,Maternal,WT_F3,68022,WT Female,16.053735013788106
Gnas,Imprinted - Isoform Dependent,Maternal,HT_F1,87464,HT Female,16.41641820303167
Gnas,Imprinted - Isoform Dependent,Maternal,HT_F2,54781,HT Female,15.741414316958398
Gnas,Imprinted - Isoform Dependent,Maternal,HT_F3,52486,HT Female,15.679672519319315
Gnas,Imprinted - Isoform Dependent,Maternal,KO_M1,44809,KO Male,15.451533106039868
Gnas,Imprinted - Isoform Dependent,Maternal,KO_M2,60174,KO Male,15.876876616249222
Gnas,Imprinted - Isoform Dependent,Maternal,KO_M3,58836,KO Male,15.844436067415787
Grb10,Imprinted - Isoform Dependent,Maternal,WT_M1,1952,WT Male,10.93147623388679
Grb10,Imprinted - Isoform Dependent,Maternal,WT_M2,3587,WT Male,11.80896417491926
Grb10,Imprinted - Isoform Dependent,Maternal,WT_M3,1569,WT Male,10.61654884377899
Grb10,Imprinted - Isoform Dependent,Maternal,WT_F1,2463,WT Female,11.266786540694902
Grb10,Imprinted - Isoform Dependent,Maternal,WT_F2,1575,WT Female,10.622051819456376
Grb10,Imprinted - Isoform Dependent,Maternal,WT_F3,2798,WT Female,11.450695771572915
Grb10,Imprinted - Isoform Dependent,Maternal,HT_F1,7745,HT Female,12.919235786028347
Grb10,Imprinted - Isoform Dependent,Maternal,HT_F2,2724,HT Female,11.41204051455165
Grb10,Imprinted - Isoform Dependent,Maternal,HT_F3,1725,HT Female,10.753216749178955
Grb10,Imprinted - Isoform Dependent,Maternal,KO_M1,2147,KO Male,11.068778277985412
Grb10,Imprinted - Isoform Dependent,Maternal,KO_M2,3153,KO Male,11.62296694479051
Grb10,Imprinted - Isoform Dependent,Maternal,KO_M3,2440,KO Male,11.253256579781153
H13,Imprinted,Maternal,WT_M1,3438,WT Male,11.74777340052679
H13,Imprinted,Maternal,WT_M2,5330,WT Male,12.380190466749834
H13,Imprinted,Maternal,WT_M3,2783,WT Male,11.442943495848729
H13,Imprinted,Maternal,WT_F1,3875,WT Female,11.92035285541508
H13,Imprinted,Maternal,WT_F2,3343,WT Female,11.707359132080883
H13,Imprinted,Maternal,WT_F3,4501,WT Female,12.136350341454156
H13,Imprinted,Maternal,HT_F1,8017,HT Female,12.96902670215077
H13,Imprinted,Maternal,HT_F2,3857,HT Female,11.913637428049103
H13,Imprinted,Maternal,HT_F3,2670,HT Female,11.38316426063511
H13,Imprinted,Maternal,KO_M1,2434,KO Male,11.249706056969705
H13,Imprinted,Maternal,KO_M2,3347,KO Male,11.709083812550343
H13,Imprinted,Maternal,KO_M3,3345,KO Male,11.708221730038353
H19,Imprinted,Maternal,WT_M1,6,WT Male,2.807354922057604
H19,Imprinted,Maternal,WT_M2,3,WT Male,2
H19,Imprinted,Maternal,WT_M3,7,WT Male,3
H19,Imprinted,Maternal,WT_F1,16,WT Female,4.087462841250339
H19,Imprinted,Maternal,WT_F2,6,WT Female,2.807354922057604
H19,Imprinted,Maternal,WT_F3,4,WT Female,2.321928094887362
H19,Imprinted,Maternal,HT_F1,2,HT Female,1.584962500721156
H19,Imprinted,Maternal,HT_F2,1,HT Female,1
H19,Imprinted,Maternal,HT_F3,11,HT Female,3.584962500721156
H19,Imprinted,Maternal,KO_M1,1,KO Male,1
H19,Imprinted,Maternal,KO_M2,1,KO Male,1
H19,Imprinted,Maternal,KO_M3,2,KO Male,1.584962500721156
Htr2a,Imprinted,Maternal,WT_M1,1179,WT Male,10.204571144249204
Htr2a,Imprinted,Maternal,WT_M2,1406,WT Male,10.458406613236532
Htr2a,Imprinted,Maternal,WT_M3,510,WT Male,8.997179480937621
Htr2a,Imprinted,Maternal,WT_F1,774,WT Female,9.5980525001616
Htr2a,Imprinted,Maternal,WT_F2,620,WT Female,9.278449458220482
Htr2a,Imprinted,Maternal,WT_F3,1169,WT Female,10.192292814470767
Htr2a,Imprinted,Maternal,HT_F1,1646,HT Female,10.685624839726355
Htr2a,Imprinted,Maternal,HT_F2,874,HT Female,9.77313920671969
Htr2a,Imprinted,Maternal,HT_F3,1062,HT Female,10.053925881531105
Htr2a,Imprinted,Maternal,KO_M1,679,KO Male,9.409390936137703
Htr2a,Imprinted,Maternal,KO_M2,934,KO Male,9.868822554774999
Htr2a,Imprinted,Maternal,KO_M3,1185,KO Male,10.211888294546004
Hymai,Imprinted,Paternal,WT_M1,17,WT Male,4.169925001442312
Hymai,Imprinted,Paternal,WT_M2,85,WT Male,6.426264754702098
Hymai,Imprinted,Paternal,WT_M3,68,WT Male,6.108524456778169
Hymai,Imprinted,Paternal,WT_F1,73,WT Female,6.20945336562895
Hymai,Imprinted,Paternal,WT_F2,51,WT Female,5.700439718141092
Hymai,Imprinted,Paternal,WT_F3,69,WT Female,6.129283016944966
Hymai,Imprinted,Paternal,HT_F1,136,HT Female,7.098032082960526
Hymai,Imprinted,Paternal,HT_F2,35,HT Female,5.169925001442312
Hymai,Imprinted,Paternal,HT_F3,21,HT Female,4.459431618637297
Hymai,Imprinted,Paternal,KO_M1,23,KO Male,4.584962500721156
Hymai,Imprinted,Paternal,KO_M2,74,KO Male,6.22881869049588
Hymai,Imprinted,Paternal,KO_M3,46,KO Male,5.554588851677638
Igf2,Imprinted,Paternal,WT_M1,17752,WT Male,14.115775219344808
Igf2,Imprinted,Paternal,WT_M2,16755,WT Male,14.032390168866524
Igf2,Imprinted,Paternal,WT_M3,12577,WT Male,13.618614920250803
Igf2,Imprinted,Paternal,WT_F1,28744,WT Female,14.811023410300866
Igf2,Imprinted,Paternal,WT_F2,2031,WT Female,10.988684686772165
Igf2,Imprinted,Paternal,WT_F3,16529,WT Female,14.012799104179676
Igf2,Imprinted,Paternal,HT_F1,17522,HT Female,14.096962170162607
Igf2,Imprinted,Paternal,HT_F2,5470,HT Female,12.41758884038258
Igf2,Imprinted,Paternal,HT_F3,2446,HT Female,11.25679838607939
Igf2,Imprinted,Paternal,KO_M1,7585,KO Male,12.889123656294238
Igf2,Imprinted,Paternal,KO_M2,1182,KO Male,10.208234358339789
Igf2,Imprinted,Paternal,KO_M3,1222,KO Male,10.256208688527387
Igf2r,Tissue Dependent,Maternal,WT_M1,5835,WT Male,12.510764167917891
Igf2r,Tissue Dependent,Maternal,WT_M2,8427,WT Male,13.040974598817305
Igf2r,Tissue Dependent,Maternal,WT_M3,3647,WT Male,11.832890014164741
Igf2r,Tissue Dependent,Maternal,WT_F1,6820,WT Female,12.735767547266637
Igf2r,Tissue Dependent,Maternal,WT_F2,4665,WT Female,12.187970591984199
Igf2r,Tissue Dependent,Maternal,WT_F3,6249,WT Female,12.609640474436812
Igf2r,Tissue Dependent,Maternal,HT_F1,9240,HT Female,13.173833263682058
Igf2r,Tissue Dependent,Maternal,HT_F2,4682,HT Female,12.193217322699065
Igf2r,Tissue Dependent,Maternal,HT_F3,4715,HT Female,12.203348002979762
Igf2r,Tissue Dependent,Maternal,KO_M1,3658,KO Male,11.837233700339088
Igf2r,Tissue Dependent,Maternal,KO_M2,4842,KO Male,12.241685287601625
Igf2r,Tissue Dependent,Maternal,KO_M3,4841,KO Male,12.241387363998937
Impact,Imprinted,Paternal,WT_M1,15861,WT Male,13.95328706787812
Impact,Imprinted,Paternal,WT_M2,25479,WT Male,14.637077657143664
Impact,Imprinted,Paternal,WT_M3,11801,WT Male,13.526743742999686
Impact,Imprinted,Paternal,WT_F1,17106,WT Female,14.062299160732607
Impact,Imprinted,Paternal,WT_F2,14990,WT Female,13.871809003457043
Impact,Imprinted,Paternal,WT_F3,21899,WT Female,14.418643249375899
Impact,Imprinted,Paternal,HT_F1,36885,HT Female,15.170785728000713
Impact,Imprinted,Paternal,HT_F2,19941,HT Female,14.283522485644026
Impact,Imprinted,Paternal,HT_F3,14951,HT Female,13.868050853745158
Impact,Imprinted,Paternal,KO_M1,9198,KO Male,13.167261322630226
Impact,Imprinted,Paternal,KO_M2,18422,KO Male,14.169220388465723
Impact,Imprinted,Paternal,KO_M3,20117,KO Male,14.29619926851494
Inpp5f,Imprinted,Paternal,WT_M1,11673,WT Male,13.511011352882239
Inpp5f,Imprinted,Paternal,WT_M2,16945,WT Male,14.048657153725893
Inpp5f,Imprinted,Paternal,WT_M3,7652,WT Male,12.901809684323629
Inpp5f,Imprinted,Paternal,WT_F1,11103,WT Female,13.43879185257826
Inpp5f,Imprinted,Paternal,WT_F2,9806,WT Female,13.259596162488423
Inpp5f,Imprinted,Paternal,WT_F3,11314,WT Female,13.465948964154254
Inpp5f,Imprinted,Paternal,HT_F1,16545,HT Female,14.014194866814499
Inpp5f,Imprinted,Paternal,HT_F2,9436,HT Female,13.204112587787996
Inpp5f,Imprinted,Paternal,HT_F3,10300,HT Female,13.33049677763869
Inpp5f,Imprinted,Paternal,KO_M1,5610,KO Male,12.45404219747008
Inpp5f,Imprinted,Paternal,KO_M2,9688,KO Male,13.242132057682372
Inpp5f,Imprinted,Paternal,KO_M3,10559,KO Male,13.366322214245816
Ins2,Imprinted,Paternal,WT_M1,23,WT Male,4.584962500721156
Ins2,Imprinted,Paternal,WT_M2,30,WT Male,4.954196310386875
Ins2,Imprinted,Paternal,WT_M3,19,WT Male,4.321928094887363
Ins2,Imprinted,Paternal,WT_F1,41,WT Female,5.392317422778761
Ins2,Imprinted,Paternal,WT_F2,0,WT Female,0
Ins2,Imprinted,Paternal,WT_F3,15,WT Female,4
Ins2,Imprinted,Paternal,HT_F1,39,HT Female,5.321928094887363
Ins2,Imprinted,Paternal,HT_F2,10,HT Female,3.4594316186372973
Ins2,Imprinted,Paternal,HT_F3,1,HT Female,1
Ins2,Imprinted,Paternal,KO_M1,73,KO Male,6.20945336562895
Ins2,Imprinted,Paternal,KO_M2,0,KO Male,0
Ins2,Imprinted,Paternal,KO_M3,0,KO Male,0
Jade1,Imprinted,Paternal,WT_M1,2908,WT Male,11.506307581100307
Jade1,Imprinted,Paternal,WT_M2,3815,WT Male,11.897845456005511
Jade1,Imprinted,Paternal,WT_M3,1619,WT Male,10.661778097771988
Jade1,Imprinted,Paternal,WT_F1,2803,WT Female,11.453270634010623
Jade1,Imprinted,Paternal,WT_F2,2200,WT Female,11.103943429891558
Jade1,Imprinted,Paternal,WT_F3,3010,WT Female,11.556026992724677
Jade1,Imprinted,Paternal,HT_F1,4976,HT Female,12.28106067167702
Jade1,Imprinted,Paternal,HT_F2,2448,HT Female,11.257977058563979
Jade1,Imprinted,Paternal,HT_F3,2570,HT Female,11.328113894833656
Jade1,Imprinted,Paternal,KO_M1,2367,KO Male,11.20945336562895
Jade1,Imprinted,Paternal,KO_M2,2390,KO Male,11.223398414711628
Jade1,Imprinted,Paternal,KO_M3,2657,KO Male,11.376125389276174
Jpx,Imprinted,Paternal,WT_M1,391,WT Male,8.614709844115207
Jpx,Imprinted,Paternal,WT_M2,539,WT Male,9.076815597050832
Jpx,Imprinted,Paternal,WT_M3,291,WT Male,8.189824558880018
Jpx,Imprinted,Paternal,WT_F1,362,WT Female,8.50382573799575
Jpx,Imprinted,Paternal,WT_F2,262,WT Female,8.038918989292302
Jpx,Imprinted,Paternal,WT_F3,359,WT Female,8.491853096329674
Jpx,Imprinted,Paternal,HT_F1,632,HT Female,9.306061689428342
Jpx,Imprinted,Paternal,HT_F2,249,HT Female,7.965784284662087
Jpx,Imprinted,Paternal,HT_F3,373,HT Female,8.546894459887637
Jpx,Imprinted,Paternal,KO_M1,293,KO Male,8.199672344836364
Jpx,Imprinted,Paternal,KO_M2,383,KO Male,8.584962500721156
Jpx,Imprinted,Paternal,KO_M3,406,KO Male,8.668884984266247
Kcnk9,Imprinted,Maternal,WT_M1,3016,WT Male,11.558898981146703
Kcnk9,Imprinted,Maternal,WT_M2,5214,WT Male,12.348451537407128
Kcnk9,Imprinted,Maternal,WT_M3,2603,WT Male,11.346513733165635
Kcnk9,Imprinted,Maternal,WT_F1,3305,WT Female,11.690871009292314
Kcnk9,Imprinted,Maternal,WT_F2,3662,WT Female,11.83880998570856
Kcnk9,Imprinted,Maternal,WT_F3,5000,WT Female,12.288000889707574
Kcnk9,Imprinted,Maternal,HT_F1,12081,HT Female,13.56057167123656
Kcnk9,Imprinted,Maternal,HT_F2,5966,HT Female,12.5427900615549
Kcnk9,Imprinted,Maternal,HT_F3,2468,HT Female,11.269711121142782
Kcnk9,Imprinted,Maternal,KO_M1,2922,KO Male,11.513234113806053
Kcnk9,Imprinted,Maternal,KO_M2,4099,KO Male,12.001408194392809
Kcnk9,Imprinted,Maternal,KO_M3,4371,KO Male,12.094077685671905
Kcnq1,Imprinted,Maternal,WT_M1,24,WT Male,4.643856189774724
Kcnq1,Imprinted,Maternal,WT_M2,43,WT Male,5.459431618637297
Kcnq1,Imprinted,Maternal,WT_M3,17,WT Male,4.169925001442312
Kcnq1,Imprinted,Maternal,WT_F1,16,WT Female,4.087462841250339
Kcnq1,Imprinted,Maternal,WT_F2,18,WT Female,4.247927513443585
Kcnq1,Imprinted,Maternal,WT_F3,33,WT Female,5.087462841250339
Kcnq1,Imprinted,Maternal,HT_F1,45,HT Female,5.523561956057013
Kcnq1,Imprinted,Maternal,HT_F2,26,HT Female,4.754887502163468
Kcnq1,Imprinted,Maternal,HT_F3,26,HT Female,4.754887502163468
Kcnq1,Imprinted,Maternal,KO_M1,11,KO Male,3.584962500721156
Kcnq1,Imprinted,Maternal,KO_M2,12,KO Male,3.700439718141092
Kcnq1,Imprinted,Maternal,KO_M3,25,KO Male,4.700439718141092
Kcnq1ot1,Imprinted,Paternal,WT_M1,4584,WT Male,12.162706018482417
Kcnq1ot1,Imprinted,Paternal,WT_M2,6527,WT Male,12.672425341971495
Kcnq1ot1,Imprinted,Paternal,WT_M3,5480,WT Male,12.420223419348645
Kcnq1ot1,Imprinted,Paternal,WT_F1,4572,WT Female,12.158925203806964
Kcnq1ot1,Imprinted,Paternal,WT_F2,4528,WT Female,12.144976824050111
Kcnq1ot1,Imprinted,Paternal,WT_F3,5480,WT Female,12.420223419348645
Kcnq1ot1,Imprinted,Paternal,HT_F1,9870,HT Female,13.268980531649836
Kcnq1ot1,Imprinted,Paternal,HT_F2,3568,HT Female,11.801304186049023
Kcnq1ot1,Imprinted,Paternal,HT_F3,3573,HT Female,11.80332391904149
Kcnq1ot1,Imprinted,Paternal,KO_M1,3683,KO Male,11.847057346091336
Kcnq1ot1,Imprinted,Paternal,KO_M2,5416,KO Male,12.403278375471052
Kcnq1ot1,Imprinted,Paternal,KO_M3,3050,KO Male,11.575066464578656
Klf14,Imprinted,Maternal,WT_M1,13,WT Male,3.807354922057604
Klf14,Imprinted,Maternal,WT_M2,62,WT Male,5.977279923499917
Klf14,Imprinted,Maternal,WT_M3,11,WT Male,3.584962500721156
Klf14,Imprinted,Maternal,WT_F1,33,WT Female,5.087462841250339
Klf14,Imprinted,Maternal,WT_F2,32,WT Female,5.044394119358453
Klf14,Imprinted,Maternal,WT_F3,82,WT Female,6.3750394313469245
Klf14,Imprinted,Maternal,HT_F1,76,HT Female,6.266786540694901
Klf14,Imprinted,Maternal,HT_F2,60,HT Female,5.930737337562887
Klf14,Imprinted,Maternal,HT_F3,1,HT Female,1
Klf14,Imprinted,Maternal,KO_M1,30,KO Male,4.954196310386875
Klf14,Imprinted,Maternal,KO_M2,40,KO Male,5.357552004618084
Klf14,Imprinted,Maternal,KO_M3,73,KO Male,6.20945336562895
Maged2,Imprinted,Maternal,WT_M1,1942,WT Male,10.924070185585345
Maged2,Imprinted,Maternal,WT_M2,3657,WT Male,11.836839359748716
Maged2,Imprinted,Maternal,WT_M3,1600,WT Male,10.644757592516257
Maged2,Imprinted,Maternal,WT_F1,2045,WT Female,10.99859042974533
Maged2,Imprinted,Maternal,WT_F2,1726,WT Female,10.754052367528924
Maged2,Imprinted,Maternal,WT_F3,2621,WT Female,11.356451970221755
Maged2,Imprinted,Maternal,HT_F1,3906,HT Female,11.931845540183673
Maged2,Imprinted,Maternal,HT_F2,2335,HT Female,11.189824558880018
Maged2,Imprinted,Maternal,HT_F3,1572,HT Female,10.619302955415687
Maged2,Imprinted,Maternal,KO_M1,1642,KO Male,10.682116764950074
Maged2,Imprinted,Maternal,KO_M2,2077,KO Male,11.020979938904212
Maged2,Imprinted,Maternal,KO_M3,2268,KO Male,11.147840893672337
Magel2,Imprinted,Paternal,WT_M1,66,WT Male,6.066089190457772
Magel2,Imprinted,Paternal,WT_M2,293,WT Male,8.199672344836364
Magel2,Imprinted,Paternal,WT_M3,136,WT Male,7.098032082960526
Magel2,Imprinted,Paternal,WT_F1,202,WT Female,7.6653359171851765
Magel2,Imprinted,Paternal,WT_F2,119,WT Female,6.906890595608519
Magel2,Imprinted,Paternal,WT_F3,276,WT Female,8.113742166049189
Magel2,Imprinted,Paternal,HT_F1,1138,HT Female,10.153552031708111
Magel2,Imprinted,Paternal,HT_F2,154,HT Female,7.2761244052742375
Magel2,Imprinted,Paternal,HT_F3,69,HT Female,6.129283016944966
Magel2,Imprinted,Paternal,KO_M1,141,KO Male,7.149747119504682
Magel2,Imprinted,Paternal,KO_M2,356,KO Male,8.479780264029099
Magel2,Imprinted,Paternal,KO_M3,217,KO Male,7.768184324776926
Magi2,Imprinted,Paternal,WT_M1,13887,WT Male,13.761551232444479
Magi2,Imprinted,Paternal,WT_M2,18704,WT Male,14.191136345438188
Magi2,Imprinted,Paternal,WT_M3,7967,WT Male,12.960001932068081
Magi2,Imprinted,Paternal,WT_F1,11621,WT Female,13.50457073932441
Magi2,Imprinted,Paternal,WT_F2,10337,WT Female,13.335669486946104
Magi2,Imprinted,Paternal,WT_F3,12387,WT Female,13.596655667674662
Magi2,Imprinted,Paternal,HT_F1,17411,HT Female,14.0877943047879
Magi2,Imprinted,Paternal,HT_F2,10940,HT Female,13.41745698505727
Magi2,Imprinted,Paternal,HT_F3,13631,HT Female,13.734709620225837
Magi2,Imprinted,Paternal,KO_M1,6546,KO Male,12.67661826358852
Magi2,Imprinted,Paternal,KO_M2,11334,KO Male,13.468496770628148
Magi2,Imprinted,Paternal,KO_M3,11108,KO Male,13.439441334892786
Mcts2,Imprinted,Paternal,WT_M1,365,WT Male,8.515699838284043
Mcts2,Imprinted,Paternal,WT_M2,521,WT Male,9.027905996569885
Mcts2,Imprinted,Paternal,WT_M3,280,WT Male,8.134426320220927
Mcts2,Imprinted,Paternal,WT_F1,327,WT Female,8.357552004618084
Mcts2,Imprinted,Paternal,WT_F2,336,WT Female,8.396604781181859
Mcts2,Imprinted,Paternal,WT_F3,462,WT Female,8.854868383260236
Mcts2,Imprinted,Paternal,HT_F1,699,HT Female,9.451211111832329
Mcts2,Imprinted,Paternal,HT_F2,371,HT Female,8.539158811108031
Mcts2,Imprinted,Paternal,HT_F3,320,HT Female,8.326429487122303
Mcts2,Imprinted,Paternal,KO_M1,124,KO Male,6.965784284662087
Mcts2,Imprinted,Paternal,KO_M2,361,KO Male,8.499845887083206
Mcts2,Imprinted,Paternal,KO_M3,364,KO Male,8.51175265376738
Meg3,Imprinted,Maternal,WT_M1,55209,WT Male,15.752641980679302
Meg3,Imprinted,Maternal,WT_M2,65138,WT Male,15.991233951507478
Meg3,Imprinted,Maternal,WT_M3,82065,WT Male,16.32449701579066
Meg3,Imprinted,Maternal,WT_F1,57292,WT Female,15.80607126229785
Meg3,Imprinted,Maternal,WT_F2,74077,WT Female,16.176757527971677
Meg3,Imprinted,Maternal,WT_F3,81833,WT Female,16.320412751324174
Meg3,Imprinted,Maternal,HT_F1,183574,HT Female,17.486010074409595
Meg3,Imprinted,Maternal,HT_F2,85792,HT Female,16.388572320080016
Meg3,Imprinted,Maternal,HT_F3,35636,HT Female,15.121088272321424
Meg3,Imprinted,Maternal,KO_M1,46521,KO Male,15.505625499749636
Meg3,Imprinted,Maternal,KO_M2,73507,KO Male,16.16561364898499
Meg3,Imprinted,Maternal,KO_M3,65596,KO Male,16.001342215976788
Mest,Imprinted,Paternal,WT_M1,2002,WT Male,10.967946705812707
Mest,Imprinted,Paternal,WT_M2,4259,WT Male,12.056637715113201
Mest,Imprinted,Paternal,WT_M3,2007,WT Male,10.971543553950772
Mest,Imprinted,Paternal,WT_F1,3577,WT Female,11.804937672051908
Mest,Imprinted,Paternal,WT_F2,2178,WT Female,11.089450481115907
Mest,Imprinted,Paternal,WT_F3,3646,WT Female,11.832494484336113
Mest,Imprinted,Paternal,HT_F1,7897,HT Female,12.947271652460348
Mest,Imprinted,Paternal,HT_F2,2904,HT Female,11.50432244829189
Mest,Imprinted,Paternal,HT_F3,1530,HT Female,10.580258567499788
Mest,Imprinted,Paternal,KO_M1,2383,KO Male,11.219168520462162
Mest,Imprinted,Paternal,KO_M2,3348,KO Male,11.709514660706716
Mest,Imprinted,Paternal,KO_M3,2220,KO Male,11.116993677546981
Mir184,Imprinted,Paternal,WT_M1,0,WT Male,0
Mir184,Imprinted,Paternal,WT_M2,0,WT Male,0
Mir184,Imprinted,Paternal,WT_M3,0,WT Male,0
Mir184,Imprinted,Paternal,WT_F1,0,WT Female,0
Mir184,Imprinted,Paternal,WT_F2,0,WT Female,0
Mir184,Imprinted,Paternal,WT_F3,0,WT Female,0
Mir184,Imprinted,Paternal,HT_F1,0,HT Female,0
Mir184,Imprinted,Paternal,HT_F2,0,HT Female,0
Mir184,Imprinted,Paternal,HT_F3,0,HT Female,0
Mir184,Imprinted,Paternal,KO_M1,0,KO Male,0
Mir184,Imprinted,Paternal,KO_M2,0,KO Male,0
Mir184,Imprinted,Paternal,KO_M3,0,KO Male,0
Mir296,Imprinted,Paternal,WT_M1,0,WT Male,0
Mir296,Imprinted,Paternal,WT_M2,0,WT Male,0
Mir296,Imprinted,Paternal,WT_M3,0,WT Male,0
Mir296,Imprinted,Paternal,WT_F1,0,WT Female,0
Mir296,Imprinted,Paternal,WT_F2,0,WT Female,0
Mir296,Imprinted,Paternal,WT_F3,0,WT Female,0
Mir296,Imprinted,Paternal,HT_F1,0,HT Female,0
Mir296,Imprinted,Paternal,HT_F2,1,HT Female,1
Mir296,Imprinted,Paternal,HT_F3,0,HT Female,0
Mir296,Imprinted,Paternal,KO_M1,0,KO Male,0
Mir296,Imprinted,Paternal,KO_M2,0,KO Male,0
Mir296,Imprinted,Paternal,KO_M3,0,KO Male,0
Mirg,Imprinted,Maternal,WT_M1,528,WT Male,9.047123912114026
Mirg,Imprinted,Maternal,WT_M2,663,WT Male,9.375039431346925
Mirg,Imprinted,Maternal,WT_M3,685,WT Male,9.422064766172813
Mirg,Imprinted,Maternal,WT_F1,565,WT Female,9.144658242831882
Mirg,Imprinted,Maternal,WT_F2,635,WT Female,9.312882955284355
Mirg,Imprinted,Maternal,WT_F3,728,WT Female,9.509775004326936
Mirg,Imprinted,Maternal,HT_F1,2121,HT Female,11.051208940914766
Mirg,Imprinted,Maternal,HT_F2,889,HT Female,9.79766152585376
Mirg,Imprinted,Maternal,HT_F3,329,HT Female,8.366322214245816
Mirg,Imprinted,Maternal,KO_M1,370,KO Male,8.535275376620802
Mirg,Imprinted,Maternal,KO_M2,815,KO Male,9.672425341971495
Mirg,Imprinted,Maternal,KO_M3,672,KO Male,9.394462694610317
Mkrn3,Imprinted,Paternal,WT_M1,49,WT Male,5.643856189774724
Mkrn3,Imprinted,Paternal,WT_M2,67,WT Male,6.087462841250339
Mkrn3,Imprinted,Paternal,WT_M3,26,WT Male,4.754887502163468
Mkrn3,Imprinted,Paternal,WT_F1,40,WT Female,5.357552004618084
Mkrn3,Imprinted,Paternal,WT_F2,48,WT Female,5.614709844115208
Mkrn3,Imprinted,Paternal,WT_F3,44,WT Female,5.491853096329675
Mkrn3,Imprinted,Paternal,HT_F1,60,HT Female,5.930737337562887
Mkrn3,Imprinted,Paternal,HT_F2,29,HT Female,4.906890595608519
Mkrn3,Imprinted,Paternal,HT_F3,25,HT Female,4.700439718141092
Mkrn3,Imprinted,Paternal,KO_M1,28,KO Male,4.857980995127572
Mkrn3,Imprinted,Paternal,KO_M2,42,KO Male,5.426264754702098
Mkrn3,Imprinted,Paternal,KO_M3,48,KO Male,5.614709844115208
Nap1l4,Imprinted,Maternal,WT_M1,4697,WT Male,12.197830998012197
Nap1l4,Imprinted,Maternal,WT_M2,7500,WT Male,12.872867226786575
Nap1l4,Imprinted,Maternal,WT_M3,3307,WT Male,11.691743519171276
Nap1l4,Imprinted,Maternal,WT_F1,5270,WT Female,12.363860976729532
Nap1l4,Imprinted,Maternal,WT_F2,4221,WT Female,12.043710863347156
Nap1l4,Imprinted,Maternal,WT_F3,5660,WT Female,12.466841208321602
Nap1l4,Imprinted,Maternal,HT_F1,8313,HT Female,13.021327032624372
Nap1l4,Imprinted,Maternal,HT_F2,4813,HT Female,12.233020426474496
Nap1l4,Imprinted,Maternal,HT_F3,4475,HT Female,12.127994320976393
Nap1l4,Imprinted,Maternal,KO_M1,3502,KO Male,11.774375272802063
Nap1l4,Imprinted,Maternal,KO_M2,4639,KO Male,12.179909090014934
Nap1l4,Imprinted,Maternal,KO_M3,4899,KO Male,12.258566033889933
Nap1l5,Imprinted,Paternal,WT_M1,8795,WT Male,13.102631888854969
Nap1l5,Imprinted,Paternal,WT_M2,13595,WT Male,13.730894646541671
Nap1l5,Imprinted,Paternal,WT_M3,6127,WT Male,12.581200581924957
Nap1l5,Imprinted,Paternal,WT_F1,8846,WT Female,13.110972607782893
Nap1l5,Imprinted,Paternal,WT_F2,8677,WT Female,13.083146870816742
Nap1l5,Imprinted,Paternal,WT_F3,11658,WT Female,13.509156432503849
Nap1l5,Imprinted,Paternal,HT_F1,21148,HT Female,14.36830182875055
Nap1l5,Imprinted,Paternal,HT_F2,11520,HT Female,13.49197832483901
Nap1l5,Imprinted,Paternal,HT_F3,7591,HT Female,12.89026427702111
Nap1l5,Imprinted,Paternal,KO_M1,7687,KO Male,12.90839262077375
Nap1l5,Imprinted,Paternal,KO_M2,10818,KO Male,13.401279536596528
Nap1l5,Imprinted,Paternal,KO_M3,11713,KO Male,13.515946179109518
Nctc1,Imprinted,Paternal,WT_M1,0,WT Male,0
Nctc1,Imprinted,Paternal,WT_M2,0,WT Male,0
Nctc1,Imprinted,Paternal,WT_M3,0,WT Male,0
Nctc1,Imprinted,Paternal,WT_F1,0,WT Female,0
Nctc1,Imprinted,Paternal,WT_F2,0,WT Female,0
Nctc1,Imprinted,Paternal,WT_F3,0,WT Female,0
Nctc1,Imprinted,Paternal,HT_F1,0,HT Female,0
Nctc1,Imprinted,Paternal,HT_F2,0,HT Female,0
Nctc1,Imprinted,Paternal,HT_F3,0,HT Female,0
Nctc1,Imprinted,Paternal,KO_M1,0,KO Male,0
Nctc1,Imprinted,Paternal,KO_M2,1,KO Male,1
Nctc1,Imprinted,Paternal,KO_M3,0,KO Male,0
Ndn,Imprinted,Paternal,WT_M1,8497,WT Male,13.052907628313287
Ndn,Imprinted,Paternal,WT_M2,16676,WT Male,14.025572167469578
Ndn,Imprinted,Paternal,WT_M3,7159,WT Male,12.805743872151618
Ndn,Imprinted,Paternal,WT_F1,10594,WT Female,13.371095967259532
Ndn,Imprinted,Paternal,WT_F2,9156,WT Female,13.160659307217383
Ndn,Imprinted,Paternal,WT_F3,12834,WT Female,13.647795675462781
Ndn,Imprinted,Paternal,HT_F1,21898,HT Female,14.418577371385938
Ndn,Imprinted,Paternal,HT_F2,10781,HT Female,13.396337194231098
Ndn,Imprinted,Paternal,HT_F3,8674,HT Female,13.082648042352986
Ndn,Imprinted,Paternal,KO_M1,9216,KO Male,13.170081535380609
Ndn,Imprinted,Paternal,KO_M2,11767,KO Male,13.522581531254831
Ndn,Imprinted,Paternal,KO_M3,11749,KO Male,13.520373136339725
Nlrp2,Imprinted,Maternal,WT_M1,0,WT Male,0
Nlrp2,Imprinted,Maternal,WT_M2,0,WT Male,0
Nlrp2,Imprinted,Maternal,WT_M3,0,WT Male,0
Nlrp2,Imprinted,Maternal,WT_F1,0,WT Female,0
Nlrp2,Imprinted,Maternal,WT_F2,0,WT Female,0
Nlrp2,Imprinted,Maternal,WT_F3,0,WT Female,0
Nlrp2,Imprinted,Maternal,HT_F1,0,HT Female,0
Nlrp2,Imprinted,Maternal,HT_F2,0,HT Female,0
Nlrp2,Imprinted,Maternal,HT_F3,0,HT Female,0
Nlrp2,Imprinted,Maternal,KO_M1,0,KO Male,0
Nlrp2,Imprinted,Maternal,KO_M2,0,KO Male,0
Nlrp2,Imprinted,Maternal,KO_M3,0,KO Male,0
Nnat,Imprinted,Paternal,WT_M1,10935,WT Male,13.41679752760606
Nnat,Imprinted,Paternal,WT_M2,20717,WT Male,14.338597119574542
Nnat,Imprinted,Paternal,WT_M3,11182,WT Male,13.449019643270384
Nnat,Imprinted,Paternal,WT_F1,16268,WT Female,13.989837955736364
Nnat,Imprinted,Paternal,WT_F2,15737,WT Female,13.94196459298614
Nnat,Imprinted,Paternal,WT_F3,18058,WT Female,14.140430386710188
Nnat,Imprinted,Paternal,HT_F1,26823,HT Female,14.711236767793784
Nnat,Imprinted,Paternal,HT_F2,18805,HT Female,14.198905402581904
Nnat,Imprinted,Paternal,HT_F3,8449,HT Female,13.044735626056909
Nnat,Imprinted,Paternal,KO_M1,9786,KO Male,13.25665098428709
Nnat,Imprinted,Paternal,KO_M2,16606,KO Male,14.019503858266578
Nnat,Imprinted,Paternal,KO_M3,17335,KO Male,14.081483438093674
Pde10a,Imprinted,Maternal,WT_M1,7915,WT Male,12.950555897047511
Pde10a,Imprinted,Maternal,WT_M2,11863,WT Male,13.53430288245463
Pde10a,Imprinted,Maternal,WT_M3,5042,WT Male,12.300066509957324
Pde10a,Imprinted,Maternal,WT_F1,6539,WT Female,12.675074920385445
Pde10a,Imprinted,Maternal,WT_F2,5691,WT Female,12.474719946526482
Pde10a,Imprinted,Maternal,WT_F3,7659,WT Female,12.903128676812319
Pde10a,Imprinted,Maternal,HT_F1,11736,HT Female,13.518776079461722
Pde10a,Imprinted,Maternal,HT_F2,6694,HT Female,12.708868340211673
Pde10a,Imprinted,Maternal,HT_F3,8640,HT Female,13.076982565981158
Pde10a,Imprinted,Maternal,KO_M1,4196,KO Male,12.03514274788591
Pde10a,Imprinted,Maternal,KO_M2,7217,KO Male,12.817383427897232
Pde10a,Imprinted,Maternal,KO_M3,7393,KO Male,12.852139328187244
Peg10,Imprinted,Paternal,WT_M1,1393,WT Male,10.445014845868423
Peg10,Imprinted,Paternal,WT_M2,3507,WT Male,11.776433032444734
Peg10,Imprinted,Paternal,WT_M3,775,WT Male,9.599912842187127
Peg10,Imprinted,Paternal,WT_F1,2904,WT Female,11.50432244829189
Peg10,Imprinted,Paternal,WT_F2,960,WT Female,9.90839262077375
Peg10,Imprinted,Paternal,WT_F3,3504,WT Female,11.775198728897985
Peg10,Imprinted,Paternal,HT_F1,12469,HT Female,13.606173844717032
Peg10,Imprinted,Paternal,HT_F2,1426,HT Female,10.478769619475763
Peg10,Imprinted,Paternal,HT_F3,1098,HT Female,10.101975670949232
Peg10,Imprinted,Paternal,KO_M1,2504,KO Male,11.290594888082572
Peg10,Imprinted,Paternal,KO_M2,5937,KO Male,12.535761377986656
Peg10,Imprinted,Paternal,KO_M3,3343,KO Male,11.707359132080883
Peg12,Imprinted,Paternal,WT_M1,12,WT Male,3.700439718141092
Peg12,Imprinted,Paternal,WT_M2,23,WT Male,4.584962500721156
Peg12,Imprinted,Paternal,WT_M3,5,WT Male,2.584962500721156
Peg12,Imprinted,Paternal,WT_F1,12,WT Female,3.700439718141092
Peg12,Imprinted,Paternal,WT_F2,15,WT Female,4
Peg12,Imprinted,Paternal,WT_F3,13,WT Female,3.807354922057604
Peg12,Imprinted,Paternal,HT_F1,29,HT Female,4.906890595608519
Peg12,Imprinted,Paternal,HT_F2,17,HT Female,4.169925001442312
Peg12,Imprinted,Paternal,HT_F3,12,HT Female,3.700439718141092
Peg12,Imprinted,Paternal,KO_M1,22,KO Male,4.523561956057013
Peg12,Imprinted,Paternal,KO_M2,24,KO Male,4.643856189774724
Peg12,Imprinted,Paternal,KO_M3,16,KO Male,4.087462841250339
Peg13,Imprinted,Paternal,WT_M1,13338,WT Male,13.70336289396418
Peg13,Imprinted,Paternal,WT_M2,21316,WT Male,14.379716797493629
Peg13,Imprinted,Paternal,WT_M3,9514,WT Male,13.215987941161384
Peg13,Imprinted,Paternal,WT_F1,13896,WT Female,13.762485855861582
Peg13,Imprinted,Paternal,WT_F2,11451,WT Female,13.483311954999353
Peg13,Imprinted,Paternal,WT_F3,15510,WT Female,13.921004080013352
Peg13,Imprinted,Paternal,HT_F1,22335,HT Female,14.447083226209653
Peg13,Imprinted,Paternal,HT_F2,13152,HT Female,13.68310427347766
Peg13,Imprinted,Paternal,HT_F3,13515,HT Female,13.722380635163802
Peg13,Imprinted,Paternal,KO_M1,9790,KO Male,13.257240501116577
Peg13,Imprinted,Paternal,KO_M2,13565,KO Male,13.727707777472686
Peg13,Imprinted,Paternal,KO_M3,14866,KO Male,13.859825936033682
Peg3,Imprinted,Paternal,WT_M1,22725,WT Male,14.472056157502356
Peg3,Imprinted,Paternal,WT_M2,38090,WT Male,15.217162542906287
Peg3,Imprinted,Paternal,WT_M3,16543,WT Male,14.014020470314934
Peg3,Imprinted,Paternal,WT_F1,25672,WT Female,14.647964270407664
Peg3,Imprinted,Paternal,WT_F2,22475,WT Female,14.456097684964202
Peg3,Imprinted,Paternal,WT_F3,27495,WT Female,14.746934136372298
Peg3,Imprinted,Paternal,HT_F1,51013,HT Female,15.638605606218723
Peg3,Imprinted,Paternal,HT_F2,21281,HT Female,14.377346115656344
Peg3,Imprinted,Paternal,HT_F3,21810,HT Female,14.412768296340023
Peg3,Imprinted,Paternal,KO_M1,16122,KO Male,13.976832590067636
Peg3,Imprinted,Paternal,KO_M2,25697,KO Male,14.649368462612198
Peg3,Imprinted,Paternal,KO_M3,23396,KO Male,14.514035936597969
Peg3os,Imprinted,Paternal,WT_M1,12,WT Male,3.700439718141092
Peg3os,Imprinted,Paternal,WT_M2,16,WT Male,4.087462841250339
Peg3os,Imprinted,Paternal,WT_M3,2,WT Male,1.584962500721156
Peg3os,Imprinted,Paternal,WT_F1,4,WT Female,2.321928094887362
Peg3os,Imprinted,Paternal,WT_F2,8,WT Female,3.169925001442312
Peg3os,Imprinted,Paternal,WT_F3,1,WT Female,1
Peg3os,Imprinted,Paternal,HT_F1,17,HT Female,4.169925001442312
Peg3os,Imprinted,Paternal,HT_F2,12,HT Female,3.700439718141092
Peg3os,Imprinted,Paternal,HT_F3,9,HT Female,3.321928094887362
Peg3os,Imprinted,Paternal,KO_M1,4,KO Male,2.321928094887362
Peg3os,Imprinted,Paternal,KO_M2,8,KO Male,3.169925001442312
Peg3os,Imprinted,Paternal,KO_M3,5,KO Male,2.584962500721156
Phlda2,Imprinted,Maternal,WT_M1,0,WT Male,0
Phlda2,Imprinted,Maternal,WT_M2,0,WT Male,0
Phlda2,Imprinted,Maternal,WT_M3,0,WT Male,0
Phlda2,Imprinted,Maternal,WT_F1,1,WT Female,1
Phlda2,Imprinted,Maternal,WT_F2,0,WT Female,0
Phlda2,Imprinted,Maternal,WT_F3,0,WT Female,0
Phlda2,Imprinted,Maternal,HT_F1,0,HT Female,0
Phlda2,Imprinted,Maternal,HT_F2,0,HT Female,0
Phlda2,Imprinted,Maternal,HT_F3,0,HT Female,0
Phlda2,Imprinted,Maternal,KO_M1,4,KO Male,2.321928094887362
Phlda2,Imprinted,Maternal,KO_M2,0,KO Male,0
Phlda2,Imprinted,Maternal,KO_M3,0,KO Male,0
Plagl1,Imprinted,Paternal,WT_M1,1667,WT Male,10.703903573444663
Plagl1,Imprinted,Paternal,WT_M2,8166,WT Male,12.9955905123663
Plagl1,Imprinted,Paternal,WT_M3,4203,WT Male,12.037546953962178
Plagl1,Imprinted,Paternal,WT_F1,6433,WT Female,12.65150022065274
Plagl1,Imprinted,Paternal,WT_F2,4936,WT Female,12.269418929741096
Plagl1,Imprinted,Paternal,WT_F3,6691,WT Female,12.708221730038353
Plagl1,Imprinted,Paternal,HT_F1,9979,HT Female,13.284824100224624
Plagl1,Imprinted,Paternal,HT_F2,3518,HT Female,11.780949798749665
Plagl1,Imprinted,Paternal,HT_F3,907,HT Female,9.826548487290914
Plagl1,Imprinted,Paternal,KO_M1,3599,KO Male,11.813781191217037
Plagl1,Imprinted,Paternal,KO_M2,7712,KO Male,12.913076395554812
Plagl1,Imprinted,Paternal,KO_M3,5313,KO Male,12.375582512490507
Platr20,Imprinted,Paternal,WT_M1,0,WT Male,0
Platr20,Imprinted,Paternal,WT_M2,0,WT Male,0
Platr20,Imprinted,Paternal,WT_M3,0,WT Male,0
Platr20,Imprinted,Paternal,WT_F1,0,WT Female,0
Platr20,Imprinted,Paternal,WT_F2,0,WT Female,0
Platr20,Imprinted,Paternal,WT_F3,0,WT Female,0
Platr20,Imprinted,Paternal,HT_F1,1,HT Female,1
Platr20,Imprinted,Paternal,HT_F2,0,HT Female,0
Platr20,Imprinted,Paternal,HT_F3,0,HT Female,0
Platr20,Imprinted,Paternal,KO_M1,0,KO Male,0
Platr20,Imprinted,Paternal,KO_M2,0,KO Male,0
Platr20,Imprinted,Paternal,KO_M3,0,KO Male,0
Pon2,Imprinted,Maternal,WT_M1,1796,WT Male,10.811374693509942
Pon2,Imprinted,Maternal,WT_M2,2543,WT Male,11.312882955284355
Pon2,Imprinted,Maternal,WT_M3,1146,WT Male,10.163649676015824
Pon2,Imprinted,Maternal,WT_F1,1904,WT Female,10.895575282380685
Pon2,Imprinted,Maternal,WT_F2,1299,WT Female,10.344295907915816
Pon2,Imprinted,Maternal,WT_F3,1931,WT Female,10.915879378835774
Pon2,Imprinted,Maternal,HT_F1,2555,HT Female,11.319672120946995
Pon2,Imprinted,Maternal,HT_F2,1707,HT Female,10.73809225962049
Pon2,Imprinted,Maternal,HT_F3,1460,HT Female,10.512740462803498
Pon2,Imprinted,Maternal,KO_M1,931,KO Male,9.86418614465428
Pon2,Imprinted,Maternal,KO_M2,1357,KO Male,10.407267764244732
Pon2,Imprinted,Maternal,KO_M3,1477,KO Male,10.52943055414615
Pon3,Imprinted,Maternal,WT_M1,922,WT Male,9.850186837645774
Pon3,Imprinted,Maternal,WT_M2,1084,WT Male,10.083479327331842
Pon3,Imprinted,Maternal,WT_M3,660,WT Male,9.368506461507693
Pon3,Imprinted,Maternal,WT_F1,1491,WT Female,10.543031820255237
Pon3,Imprinted,Maternal,WT_F2,190,WT Female,7.577428828035749
Pon3,Imprinted,Maternal,WT_F3,1145,WT Female,10.162391328756906
Pon3,Imprinted,Maternal,HT_F1,1138,HT Female,10.153552031708111
Pon3,Imprinted,Maternal,HT_F2,383,HT Female,8.584962500721156
Pon3,Imprinted,Maternal,HT_F3,199,HT Female,7.643856189774724
Pon3,Imprinted,Maternal,KO_M1,323,KO Male,8.339850002884624
Pon3,Imprinted,Maternal,KO_M2,147,KO Male,7.20945336562895
Pon3,Imprinted,Maternal,KO_M3,164,KO Male,7.366322214245816
Ppp1r9a,Imprinted,Maternal,WT_M1,28294,WT Male,14.78825951697013
Ppp1r9a,Imprinted,Maternal,WT_M2,43653,WT Male,15.413826233078122
Ppp1r9a,Imprinted,Maternal,WT_M3,17489,WT Male,14.094242668809015
Ppp1r9a,Imprinted,Maternal,WT_F1,28371,WT Female,14.792180232254807
Ppp1r9a,Imprinted,Maternal,WT_F2,24627,WT Female,14.588011853215088
Ppp1r9a,Imprinted,Maternal,WT_F3,32050,WT Female,14.968081749577067
Ppp1r9a,Imprinted,Maternal,HT_F1,43990,HT Female,15.424920776402013
Ppp1r9a,Imprinted,Maternal,HT_F2,27762,HT Female,14.760875849889011
Ppp1r9a,Imprinted,Maternal,HT_F3,30821,HT Female,14.911672859068116
Ppp1r9a,Imprinted,Maternal,KO_M1,18161,KO Male,14.14863546054867
Ppp1r9a,Imprinted,Maternal,KO_M2,26930,KO Male,14.716980180434541
Ppp1r9a,Imprinted,Maternal,KO_M3,29945,KO Male,14.870075689222649
Prkn,Imprinted,Maternal,WT_M1,432,WT Male,8.758223214726724
Prkn,Imprinted,Maternal,WT_M2,1151,WT Male,10.169925001442312
Prkn,Imprinted,Maternal,WT_M3,499,WT Male,8.965784284662087
Prkn,Imprinted,Maternal,WT_F1,498,WT Female,8.96289600533726
Prkn,Imprinted,Maternal,WT_F2,444,WT Female,8.79766152585376
Prkn,Imprinted,Maternal,WT_F3,650,WT Female,9.346513733165635
Prkn,Imprinted,Maternal,HT_F1,938,HT Female,9.874981347653774
Prkn,Imprinted,Maternal,HT_F2,608,HT Female,9.250298417906333
Prkn,Imprinted,Maternal,HT_F3,460,HT Female,8.848622940429339
Prkn,Imprinted,Maternal,KO_M1,331,KO Male,8.375039431346925
Prkn,Imprinted,Maternal,KO_M2,576,KO Male,9.172427508645482
Prkn,Imprinted,Maternal,KO_M3,771,KO Male,9.59245703726808
Qpct,Imprinted,Maternal,WT_M1,687,WT Male,9.426264754702098
Qpct,Imprinted,Maternal,WT_M2,1282,WT Male,10.325305455089682
Qpct,Imprinted,Maternal,WT_M3,610,WT Male,9.25502856981873
Qpct,Imprinted,Maternal,WT_F1,813,WT Female,9.668884984266247
Qpct,Imprinted,Maternal,WT_F2,810,WT Female,9.663558104217273
Qpct,Imprinted,Maternal,WT_F3,883,WT Female,9.787902559391432
Qpct,Imprinted,Maternal,HT_F1,1486,HT Female,10.53818893205242
Qpct,Imprinted,Maternal,HT_F2,592,HT Female,9.211888294546004
Qpct,Imprinted,Maternal,HT_F3,567,HT Female,9.149747119504681
Qpct,Imprinted,Maternal,KO_M1,509,KO Male,8.994353436858859
Qpct,Imprinted,Maternal,KO_M2,919,KO Male,9.845490050944376
Qpct,Imprinted,Maternal,KO_M3,754,KO Male,9.560332834212442
Rasgrf1,Imprinted,Paternal,WT_M1,40836,WT Male,15.317589265253524
Rasgrf1,Imprinted,Paternal,WT_M2,66541,WT Male,16.02197760835994
Rasgrf1,Imprinted,Paternal,WT_M3,30564,WT Male,14.899592946652207
Rasgrf1,Imprinted,Paternal,WT_F1,38099,WT Female,15.217503377268047
Rasgrf1,Imprinted,Paternal,WT_F2,35936,WT Female,15.133182358075361
Rasgrf1,Imprinted,Paternal,WT_F3,45493,WT Female,15.473388666816124
Rasgrf1,Imprinted,Paternal,HT_F1,61175,HT Female,15.900678158743357
Rasgrf1,Imprinted,Paternal,HT_F2,38823,HT Female,15.244661144764198
Rasgrf1,Imprinted,Paternal,HT_F3,41263,HT Female,15.332596057789214
Rasgrf1,Imprinted,Paternal,KO_M1,23718,KO Male,14.533755566269257
Rasgrf1,Imprinted,Paternal,KO_M2,47536,KO Male,15.536763239041623
Rasgrf1,Imprinted,Paternal,KO_M3,45116,KO Male,15.461383520224656
Rian,Imprinted,Maternal,WT_M1,24499,WT Male,14.580494128777294
Rian,Imprinted,Maternal,WT_M2,29006,WT Male,14.824113474501857
Rian,Imprinted,Maternal,WT_M3,21563,WT Male,14.396337194231098
Rian,Imprinted,Maternal,WT_F1,19698,WT Female,14.265834774121519
Rian,Imprinted,Maternal,WT_F2,24905,WT Female,14.604205717324763
Rian,Imprinted,Maternal,WT_F3,23601,WT Female,14.526621496247854
Rian,Imprinted,Maternal,HT_F1,59230,HT Female,15.854064822982078
Rian,Imprinted,Maternal,HT_F2,33870,HT Female,15.04776296082332
Rian,Imprinted,Maternal,HT_F3,16970,HT Female,14.050783956364931
Rian,Imprinted,Maternal,KO_M1,12269,KO Male,13.582847628550267
Rian,Imprinted,Maternal,KO_M2,22893,KO Male,14.482681929642867
Rian,Imprinted,Maternal,KO_M3,23673,KO Male,14.531015866467587
Rtl1,Imprinted,Paternal,WT_M1,13,WT Male,3.807354922057604
Rtl1,Imprinted,Paternal,WT_M2,22,WT Male,4.523561956057013
Rtl1,Imprinted,Paternal,WT_M3,11,WT Male,3.584962500721156
Rtl1,Imprinted,Paternal,WT_F1,15,WT Female,4
Rtl1,Imprinted,Paternal,WT_F2,11,WT Female,3.584962500721156
Rtl1,Imprinted,Paternal,WT_F3,27,WT Female,4.807354922057604
Rtl1,Imprinted,Paternal,HT_F1,242,HT Female,7.924812503605781
Rtl1,Imprinted,Paternal,HT_F2,14,HT Female,3.9068905956085187
Rtl1,Imprinted,Paternal,HT_F3,4,HT Female,2.321928094887362
Rtl1,Imprinted,Paternal,KO_M1,56,KO Male,5.832890014164741
Rtl1,Imprinted,Paternal,KO_M2,20,KO Male,4.392317422778761
Rtl1,Imprinted,Paternal,KO_M3,9,KO Male,3.321928094887362
Sall1,Imprinted,Paternal,WT_M1,1782,WT Male,10.800090987624994
Sall1,Imprinted,Paternal,WT_M2,2365,WT Male,11.208234358339789
Sall1,Imprinted,Paternal,WT_M3,1223,WT Male,10.257387842692651
Sall1,Imprinted,Paternal,WT_F1,1827,WT Female,10.83605035505807
Sall1,Imprinted,Paternal,WT_F2,1700,WT Female,10.732167425663386
Sall1,Imprinted,Paternal,WT_F3,1869,WT Female,10.868822554774999
Sall1,Imprinted,Paternal,HT_F1,2815,HT Female,11.459431618637296
Sall1,Imprinted,Paternal,HT_F2,1644,HT Female,10.683871868622603
Sall1,Imprinted,Paternal,HT_F3,1533,HT Female,10.583082767502933
Sall1,Imprinted,Paternal,KO_M1,828,KO Male,9.69522829149575
Sall1,Imprinted,Paternal,KO_M2,1608,KO Male,10.651948610723446
Sall1,Imprinted,Paternal,KO_M3,1565,KO Male,10.612868497291041
Sfmbt2,Imprinted,Paternal,WT_M1,678,WT Male,9.407267764244732
Sfmbt2,Imprinted,Paternal,WT_M2,852,WT Male,9.73640193131829
Sfmbt2,Imprinted,Paternal,WT_M3,690,WT Male,9.432541900388259
Sfmbt2,Imprinted,Paternal,WT_F1,723,WT Female,9.499845887083206
Sfmbt2,Imprinted,Paternal,WT_F2,513,WT Female,9.005624549193879
Sfmbt2,Imprinted,Paternal,WT_F3,994,WT Female,9.958552715431011
Sfmbt2,Imprinted,Paternal,HT_F1,1462,HT Female,10.514714054138487
Sfmbt2,Imprinted,Paternal,HT_F2,414,HT Female,8.696967526234287
Sfmbt2,Imprinted,Paternal,HT_F3,671,HT Female,9.39231742277876
Sfmbt2,Imprinted,Paternal,KO_M1,543,KO Male,9.087462841250339
Sfmbt2,Imprinted,Paternal,KO_M2,731,KO Male,9.515699838284043
Sfmbt2,Imprinted,Paternal,KO_M3,799,KO Male,9.643856189774725
Sgce,Imprinted,Paternal,WT_M1,1193,WT Male,10.221587121264806
Sgce,Imprinted,Paternal,WT_M2,1885,WT Male,10.881113960675096
Sgce,Imprinted,Paternal,WT_M3,753,WT Male,9.558420713268664
Sgce,Imprinted,Paternal,WT_F1,1244,WT Female,10.281930026955443
Sgce,Imprinted,Paternal,WT_F2,1027,WT Female,10.005624549193879
Sgce,Imprinted,Paternal,WT_F3,1275,WT Female,10.31741261376487
Sgce,Imprinted,Paternal,HT_F1,2098,HT Female,11.035486451292154
Sgce,Imprinted,Paternal,HT_F2,1145,HT Female,10.162391328756906
Sgce,Imprinted,Paternal,HT_F3,1246,HT Female,10.28424574982967
Sgce,Imprinted,Paternal,KO_M1,599,KO Male,9.228818690495881
Sgce,Imprinted,Paternal,KO_M2,1166,KO Male,10.188588845707349
Sgce,Imprinted,Paternal,KO_M3,1090,KO Male,10.091435386323607
Slc22a18,Imprinted,Maternal,WT_M1,19,WT Male,4.321928094887363
Slc22a18,Imprinted,Maternal,WT_M2,27,WT Male,4.807354922057604
Slc22a18,Imprinted,Maternal,WT_M3,16,WT Male,4.087462841250339
Slc22a18,Imprinted,Maternal,WT_F1,32,WT Female,5.044394119358453
Slc22a18,Imprinted,Maternal,WT_F2,6,WT Female,2.807354922057604
Slc22a18,Imprinted,Maternal,WT_F3,29,WT Female,4.906890595608519
Slc22a18,Imprinted,Maternal,HT_F1,53,HT Female,5.754887502163468
Slc22a18,Imprinted,Maternal,HT_F2,12,HT Female,3.700439718141092
Slc22a18,Imprinted,Maternal,HT_F3,4,HT Female,2.321928094887362
Slc22a18,Imprinted,Maternal,KO_M1,12,KO Male,3.700439718141092
Slc22a18,Imprinted,Maternal,KO_M2,3,KO Male,2
Slc22a18,Imprinted,Maternal,KO_M3,7,KO Male,3
Slc22a2,Imprinted,Maternal,WT_M1,5,WT Male,2.584962500721156
Slc22a2,Imprinted,Maternal,WT_M2,8,WT Male,3.169925001442312
Slc22a2,Imprinted,Maternal,WT_M3,2,WT Male,1.584962500721156
Slc22a2,Imprinted,Maternal,WT_F1,6,WT Female,2.807354922057604
Slc22a2,Imprinted,Maternal,WT_F2,1,WT Female,1
Slc22a2,Imprinted,Maternal,WT_F3,12,WT Female,3.700439718141092
Slc22a2,Imprinted,Maternal,HT_F1,27,HT Female,4.807354922057604
Slc22a2,Imprinted,Maternal,HT_F2,2,HT Female,1.584962500721156
Slc22a2,Imprinted,Maternal,HT_F3,3,HT Female,2
Slc22a2,Imprinted,Maternal,KO_M1,2,KO Male,1.584962500721156
Slc22a2,Imprinted,Maternal,KO_M2,3,KO Male,2
Slc22a2,Imprinted,Maternal,KO_M3,5,KO Male,2.584962500721156
Slc22a3,Imprinted,Maternal,WT_M1,13,WT Male,3.807354922057604
Slc22a3,Imprinted,Maternal,WT_M2,19,WT Male,4.321928094887363
Slc22a3,Imprinted,Maternal,WT_M3,22,WT Male,4.523561956057013
Slc22a3,Imprinted,Maternal,WT_F1,47,WT Female,5.584962500721156
Slc22a3,Imprinted,Maternal,WT_F2,7,WT Female,3
Slc22a3,Imprinted,Maternal,WT_F3,44,WT Female,5.491853096329675
Slc22a3,Imprinted,Maternal,HT_F1,81,HT Female,6.357552004618084
Slc22a3,Imprinted,Maternal,HT_F2,12,HT Female,3.700439718141092
Slc22a3,Imprinted,Maternal,HT_F3,26,HT Female,4.754887502163468
Slc22a3,Imprinted,Maternal,KO_M1,17,KO Male,4.169925001442312
Slc22a3,Imprinted,Maternal,KO_M2,13,KO Male,3.807354922057604
Slc22a3,Imprinted,Maternal,KO_M3,18,KO Male,4.247927513443585
Slc38a4,Imprinted,Paternal,WT_M1,49,WT Male,5.643856189774724
Slc38a4,Imprinted,Paternal,WT_M2,106,WT Male,6.741466986401147
Slc38a4,Imprinted,Paternal,WT_M3,39,WT Male,5.321928094887363
Slc38a4,Imprinted,Paternal,WT_F1,61,WT Female,5.954196310386875
Slc38a4,Imprinted,Paternal,WT_F2,44,WT Female,5.491853096329675
Slc38a4,Imprinted,Paternal,WT_F3,85,WT Female,6.426264754702098
Slc38a4,Imprinted,Paternal,HT_F1,144,HT Female,7.1799090900149345
Slc38a4,Imprinted,Paternal,HT_F2,97,HT Female,6.614709844115208
Slc38a4,Imprinted,Paternal,HT_F3,73,HT Female,6.20945336562895
Slc38a4,Imprinted,Paternal,KO_M1,17,KO Male,4.169925001442312
Slc38a4,Imprinted,Paternal,KO_M2,55,KO Male,5.807354922057604
Slc38a4,Imprinted,Paternal,KO_M3,59,KO Male,5.906890595608519
Smoc1,Imprinted,Paternal,WT_M1,609,WT Male,9.252665432450248
Smoc1,Imprinted,Paternal,WT_M2,1519,WT Male,10.569855608330949
Smoc1,Imprinted,Paternal,WT_M3,628,WT Male,9.296916206879288
Smoc1,Imprinted,Paternal,WT_F1,759,WT Female,9.569855608330949
Smoc1,Imprinted,Paternal,WT_F2,662,WT Female,9.372865060112588
Smoc1,Imprinted,Paternal,WT_F3,1230,WT Female,10.265615046484458
Smoc1,Imprinted,Paternal,HT_F1,4024,HT Female,11.974773067889341
Smoc1,Imprinted,Paternal,HT_F2,648,HT Female,9.342074667999139
Smoc1,Imprinted,Paternal,HT_F3,450,HT Female,8.81698362325538
Smoc1,Imprinted,Paternal,KO_M1,1110,KO Male,10.117643101389092
Smoc1,Imprinted,Paternal,KO_M2,1347,KO Male,10.396604781181859
Smoc1,Imprinted,Paternal,KO_M3,1048,KO Male,10.034798962577268
Smoc2,Imprinted,Maternal,WT_M1,2928,WT Male,11.516192477879367
Smoc2,Imprinted,Maternal,WT_M2,4265,WT Male,12.058668250340572
Smoc2,Imprinted,Maternal,WT_M3,1815,WT Male,10.826548487290914
Smoc2,Imprinted,Maternal,WT_F1,3423,WT Female,11.741466986401146
Smoc2,Imprinted,Maternal,WT_F2,3158,WT Female,11.625252221746873
Smoc2,Imprinted,Maternal,WT_F3,2056,WT Female,11.006326078524934
Smoc2,Imprinted,Maternal,HT_F1,3045,HT Female,11.572700226487292
Smoc2,Imprinted,Maternal,HT_F2,790,HT Female,9.627533884472792
Smoc2,Imprinted,Maternal,HT_F3,3658,HT Female,11.837233700339088
Smoc2,Imprinted,Maternal,KO_M1,1735,KO Male,10.761551232444479
Smoc2,Imprinted,Maternal,KO_M2,2527,KO Male,11.303780748177102
Smoc2,Imprinted,Maternal,KO_M3,2917,KO Male,11.510764167917891
Snrpn,Imprinted,Paternal,WT_M1,90,WT Male,6.507794640198696
Snrpn,Imprinted,Paternal,WT_M2,187,WT Male,7.554588851677638
Snrpn,Imprinted,Paternal,WT_M3,117,WT Male,6.882643049361842
Snrpn,Imprinted,Paternal,WT_F1,108,WT Female,6.768184324776926
Snrpn,Imprinted,Paternal,WT_F2,131,WT Female,7.044394119358453
Snrpn,Imprinted,Paternal,WT_F3,161,WT Female,7.339850002884624
Snrpn,Imprinted,Paternal,HT_F1,232,HT Female,7.864186144654281
Snrpn,Imprinted,Paternal,HT_F2,159,HT Female,7.321928094887363
Snrpn,Imprinted,Paternal,HT_F3,92,HT Female,6.539158811108031
Snrpn,Imprinted,Paternal,KO_M1,51,KO Male,5.700439718141092
Snrpn,Imprinted,Paternal,KO_M2,150,KO Male,7.2384047393250786
Snrpn,Imprinted,Paternal,KO_M3,130,KO Male,7.03342300153745
Snurf,Imprinted,Paternal,WT_M1,0,WT Male,0
Snurf,Imprinted,Paternal,WT_M2,0,WT Male,0
Snurf,Imprinted,Paternal,WT_M3,0,WT Male,0
Snurf,Imprinted,Paternal,WT_F1,0,WT Female,0
Snurf,Imprinted,Paternal,WT_F2,0,WT Female,0
Snurf,Imprinted,Paternal,WT_F3,0,WT Female,0
Snurf,Imprinted,Paternal,HT_F1,0,HT Female,0
Snurf,Imprinted,Paternal,HT_F2,0,HT Female,0
Snurf,Imprinted,Paternal,HT_F3,0,HT Female,0
Snurf,Imprinted,Paternal,KO_M1,0,KO Male,0
Snurf,Imprinted,Paternal,KO_M2,0,KO Male,0
Snurf,Imprinted,Paternal,KO_M3,0,KO Male,0
Snx14,Imprinted,Paternal,WT_M1,4353,WT Male,12.088125692188207
Snx14,Imprinted,Paternal,WT_M2,6665,WT Male,12.702605602110248
Snx14,Imprinted,Paternal,WT_M3,3097,WT Male,11.597121428789569
Snx14,Imprinted,Paternal,WT_F1,4595,WT Female,12.166163082646113
Snx14,Imprinted,Paternal,WT_F2,3991,WT Female,11.96289600533726
Snx14,Imprinted,Paternal,WT_F3,4960,WT Female,12.276415241892678
Snx14,Imprinted,Paternal,HT_F1,7104,HT Female,12.794618934130142
Snx14,Imprinted,Paternal,HT_F2,4234,HT Female,12.04814625421956
Snx14,Imprinted,Paternal,HT_F3,3910,HT Female,11.933321820732946
Snx14,Imprinted,Paternal,KO_M1,2150,KO Male,11.070791809423062
Snx14,Imprinted,Paternal,KO_M2,3976,KO Male,11.95746484680521
Snx14,Imprinted,Paternal,KO_M3,4304,KO Male,12.071797522284207
Tfpi2,Imprinted,Maternal,WT_M1,5,WT Male,2.584962500721156
Tfpi2,Imprinted,Maternal,WT_M2,5,WT Male,2.584962500721156
Tfpi2,Imprinted,Maternal,WT_M3,1,WT Male,1
Tfpi2,Imprinted,Maternal,WT_F1,3,WT Female,2
Tfpi2,Imprinted,Maternal,WT_F2,3,WT Female,2
Tfpi2,Imprinted,Maternal,WT_F3,3,WT Female,2
Tfpi2,Imprinted,Maternal,HT_F1,1,HT Female,1
Tfpi2,Imprinted,Maternal,HT_F2,1,HT Female,1
Tfpi2,Imprinted,Maternal,HT_F3,3,HT Female,2
Tfpi2,Imprinted,Maternal,KO_M1,0,KO Male,0
Tfpi2,Imprinted,Maternal,KO_M2,3,KO Male,2
Tfpi2,Imprinted,Maternal,KO_M3,2,KO Male,1.584962500721156
Th,Imprinted,Maternal,WT_M1,21,WT Male,4.459431618637297
Th,Imprinted,Maternal,WT_M2,44,WT Male,5.491853096329675
Th,Imprinted,Maternal,WT_M3,6,WT Male,2.807354922057604
Th,Imprinted,Maternal,WT_F1,71,WT Female,6.169925001442312
Th,Imprinted,Maternal,WT_F2,6,WT Female,2.807354922057604
Th,Imprinted,Maternal,WT_F3,19,WT Female,4.321928094887363
Th,Imprinted,Maternal,HT_F1,101,HT Female,6.672425341971495
Th,Imprinted,Maternal,HT_F2,8,HT Female,3.169925001442312
Th,Imprinted,Maternal,HT_F3,9,HT Female,3.321928094887362
Th,Imprinted,Maternal,KO_M1,15,KO Male,4
Th,Imprinted,Maternal,KO_M2,22,KO Male,4.523561956057013
Th,Imprinted,Maternal,KO_M3,14,KO Male,3.9068905956085187
Thbs2,Imprinted,Maternal,WT_M1,932,WT Male,9.86573327085176
Thbs2,Imprinted,Maternal,WT_M2,1033,WT Male,10.014020470314934
Thbs2,Imprinted,Maternal,WT_M3,572,WT Male,9.162391328756906
Thbs2,Imprinted,Maternal,WT_F1,1030,WT Female,10.00982861736811
Thbs2,Imprinted,Maternal,WT_F2,235,WT Female,7.882643049361842
Thbs2,Imprinted,Maternal,WT_F3,735,WT Female,9.523561956057012
Thbs2,Imprinted,Maternal,HT_F1,797,HT Female,9.640244936222345
Thbs2,Imprinted,Maternal,HT_F2,385,HT Female,8.59245703726808
Thbs2,Imprinted,Maternal,HT_F3,278,HT Female,8.124121311829187
Thbs2,Imprinted,Maternal,KO_M1,353,KO Male,8.467605550082997
Thbs2,Imprinted,Maternal,KO_M2,199,KO Male,7.643856189774724
Thbs2,Imprinted,Maternal,KO_M3,363,KO Male,8.507794640198696
Tnfrsf22,Imprinted,Maternal,WT_M1,90,WT Male,6.507794640198696
Tnfrsf22,Imprinted,Maternal,WT_M2,139,WT Male,7.129283016944966
Tnfrsf22,Imprinted,Maternal,WT_M3,57,WT Male,5.857980995127572
Tnfrsf22,Imprinted,Maternal,WT_F1,107,WT Female,6.754887502163468
Tnfrsf22,Imprinted,Maternal,WT_F2,71,WT Female,6.169925001442312
Tnfrsf22,Imprinted,Maternal,WT_F3,99,WT Female,6.643856189774724
Tnfrsf22,Imprinted,Maternal,HT_F1,150,HT Female,7.2384047393250786
Tnfrsf22,Imprinted,Maternal,HT_F2,68,HT Female,6.108524456778169
Tnfrsf22,Imprinted,Maternal,HT_F3,68,HT Female,6.108524456778169
Tnfrsf22,Imprinted,Maternal,KO_M1,43,KO Male,5.459431618637297
Tnfrsf22,Imprinted,Maternal,KO_M2,59,KO Male,5.906890595608519
Tnfrsf22,Imprinted,Maternal,KO_M3,52,KO Male,5.727920454563199
Tnfrsf23,Imprinted,Maternal,WT_M1,23,WT Male,4.584962500721156
Tnfrsf23,Imprinted,Maternal,WT_M2,33,WT Male,5.087462841250339
Tnfrsf23,Imprinted,Maternal,WT_M3,14,WT Male,3.9068905956085187
Tnfrsf23,Imprinted,Maternal,WT_F1,27,WT Female,4.807354922057604
Tnfrsf23,Imprinted,Maternal,WT_F2,30,WT Female,4.954196310386875
Tnfrsf23,Imprinted,Maternal,WT_F3,18,WT Female,4.247927513443585
Tnfrsf23,Imprinted,Maternal,HT_F1,49,HT Female,5.643856189774724
Tnfrsf23,Imprinted,Maternal,HT_F2,17,HT Female,4.169925001442312
Tnfrsf23,Imprinted,Maternal,HT_F3,14,HT Female,3.9068905956085187
Tnfrsf23,Imprinted,Maternal,KO_M1,6,KO Male,2.807354922057604
Tnfrsf23,Imprinted,Maternal,KO_M2,12,KO Male,3.700439718141092
Tnfrsf23,Imprinted,Maternal,KO_M3,11,KO Male,3.584962500721156
Tnfrsf26,Imprinted,Maternal,WT_M1,1,WT Male,1
Tnfrsf26,Imprinted,Maternal,WT_M2,1,WT Male,1
Tnfrsf26,Imprinted,Maternal,WT_M3,2,WT Male,1.584962500721156
Tnfrsf26,Imprinted,Maternal,WT_F1,2,WT Female,1.584962500721156
Tnfrsf26,Imprinted,Maternal,WT_F2,1,WT Female,1
Tnfrsf26,Imprinted,Maternal,WT_F3,0,WT Female,0
Tnfrsf26,Imprinted,Maternal,HT_F1,2,HT Female,1.584962500721156
Tnfrsf26,Imprinted,Maternal,HT_F2,1,HT Female,1
Tnfrsf26,Imprinted,Maternal,HT_F3,0,HT Female,0
Tnfrsf26,Imprinted,Maternal,KO_M1,0,KO Male,0
Tnfrsf26,Imprinted,Maternal,KO_M2,1,KO Male,1
Tnfrsf26,Imprinted,Maternal,KO_M3,0,KO Male,0
Trappc9,Imprinted,Maternal,WT_M1,5887,WT Male,12.523561956057012
Trappc9,Imprinted,Maternal,WT_M2,10381,WT Male,13.34179677239183
Trappc9,Imprinted,Maternal,WT_M3,4534,WT Male,12.146886835415884
Trappc9,Imprinted,Maternal,WT_F1,6276,WT Female,12.61585949358308
Trappc9,Imprinted,Maternal,WT_F2,5659,WT Female,12.466586337719244
Trappc9,Imprinted,Maternal,WT_F3,7172,WT Female,12.808360915432784
Trappc9,Imprinted,Maternal,HT_F1,10521,HT Female,13.36112133473479
Trappc9,Imprinted,Maternal,HT_F2,5951,HT Female,12.539158811108031
Trappc9,Imprinted,Maternal,HT_F3,5466,HT Female,12.416533660199583
Trappc9,Imprinted,Maternal,KO_M1,5156,KO Male,12.332316330199218
Trappc9,Imprinted,Maternal,KO_M2,6321,KO Male,12.626165319904498
Trappc9,Imprinted,Maternal,KO_M3,6483,KO Male,12.66266837551754
Tsix,Imprinted,Maternal,WT_M1,61,WT Male,5.954196310386875
Tsix,Imprinted,Maternal,WT_M2,60,WT Male,5.930737337562887
Tsix,Imprinted,Maternal,WT_M3,29,WT Male,4.906890595608519
Tsix,Imprinted,Maternal,WT_F1,71,WT Female,6.169925001442312
Tsix,Imprinted,Maternal,WT_F2,23,WT Female,4.584962500721156
Tsix,Imprinted,Maternal,WT_F3,51,WT Female,5.700439718141092
Tsix,Imprinted,Maternal,HT_F1,92,HT Female,6.539158811108031
Tsix,Imprinted,Maternal,HT_F2,24,HT Female,4.643856189774724
Tsix,Imprinted,Maternal,HT_F3,48,HT Female,5.614709844115208
Tsix,Imprinted,Maternal,KO_M1,6,KO Male,2.807354922057604
Tsix,Imprinted,Maternal,KO_M2,12,KO Male,3.700439718141092
Tsix,Imprinted,Maternal,KO_M3,12,KO Male,3.700439718141092
Tssc4,Imprinted,Maternal,WT_M1,1038,WT Male,10.020979938904212
Tssc4,Imprinted,Maternal,WT_M2,1569,WT Male,10.61654884377899
Tssc4,Imprinted,Maternal,WT_M3,816,WT Male,9.674192268145683
Tssc4,Imprinted,Maternal,WT_F1,1243,WT Female,10.280770770130603
Tssc4,Imprinted,Maternal,WT_F2,1017,WT Female,9.991521846075695
Tssc4,Imprinted,Maternal,WT_F3,1262,WT Female,10.302638923787553
Tssc4,Imprinted,Maternal,HT_F1,1926,HT Female,10.912140856295721
Tssc4,Imprinted,Maternal,HT_F2,1053,HT Female,10.041659151637214
Tssc4,Imprinted,Maternal,HT_F3,964,HT Female,9.914385132155443
Tssc4,Imprinted,Maternal,KO_M1,1199,KO Male,10.228818690495881
Tssc4,Imprinted,Maternal,KO_M2,963,KO Male,9.912889336229961
Tssc4,Imprinted,Maternal,KO_M3,1217,KO Male,10.250298417906333
Ube3a,Imprinted,Maternal,WT_M1,25390,WT Male,14.632029594803909
Ube3a,Imprinted,Maternal,WT_M2,36069,WT Male,15.138511802674932
Ube3a,Imprinted,Maternal,WT_M3,15602,WT Male,13.929535823317357
Ube3a,Imprinted,Maternal,WT_F1,24081,WT Female,14.55566759184072
Ube3a,Imprinted,Maternal,WT_F2,21744,WT Female,14.40839608835143
Ube3a,Imprinted,Maternal,WT_F3,27864,WT Female,14.766166532965467
Ube3a,Imprinted,Maternal,HT_F1,38051,HT Female,15.215684662824996
Ube3a,Imprinted,Maternal,HT_F2,21766,HT Female,14.409854963769897
Ube3a,Imprinted,Maternal,HT_F3,24280,HT Female,14.567540218990333
Ube3a,Imprinted,Maternal,KO_M1,11428,KO Male,13.480411557541508
Ube3a,Imprinted,Maternal,KO_M2,23376,KO Male,14.51280217841709
Ube3a,Imprinted,Maternal,KO_M3,25004,KO Male,14.609928984594935
Usp29,Imprinted,Paternal,WT_M1,3501,WT Male,11.773963368433558
Usp29,Imprinted,Paternal,WT_M2,6337,WT Male,12.629811944382233
Usp29,Imprinted,Paternal,WT_M3,2393,WT Male,11.225207436943501
Usp29,Imprinted,Paternal,WT_F1,4316,WT Female,12.075813377461454
Usp29,Imprinted,Paternal,WT_F2,3290,WT Female,11.68431031112435
Usp29,Imprinted,Paternal,WT_F3,4442,WT Female,12.117318426010003
Usp29,Imprinted,Paternal,HT_F1,12230,HT Female,13.578254742209703
Usp29,Imprinted,Paternal,HT_F2,2954,HT Female,11.528942415064895
Usp29,Imprinted,Paternal,HT_F3,3789,HT Female,11.887982133058454
Usp29,Imprinted,Paternal,KO_M1,2281,KO Male,11.156083076288681
Usp29,Imprinted,Paternal,KO_M2,4707,KO Male,12.200898605038445
Usp29,Imprinted,Paternal,KO_M3,3995,KO Male,11.964340867792417
Wt1,Tissue Dependent,Maternal,WT_M1,2,WT Male,1.584962500721156
Wt1,Tissue Dependent,Maternal,WT_M2,1,WT Male,1
Wt1,Tissue Dependent,Maternal,WT_M3,0,WT Male,0
Wt1,Tissue Dependent,Maternal,WT_F1,0,WT Female,0
Wt1,Tissue Dependent,Maternal,WT_F2,1,WT Female,1
Wt1,Tissue Dependent,Maternal,WT_F3,1,WT Female,1
Wt1,Tissue Dependent,Maternal,HT_F1,1,HT Female,1
Wt1,Tissue Dependent,Maternal,HT_F2,3,HT Female,2
Wt1,Tissue Dependent,Maternal,HT_F3,1,HT Female,1
Wt1,Tissue Dependent,Maternal,KO_M1,0,KO Male,0
Wt1,Tissue Dependent,Maternal,KO_M2,0,KO Male,0
Wt1,Tissue Dependent,Maternal,KO_M3,0,KO Male,0
Xist,Imprinted,Paternal,WT_M1,61,WT Male,5.954196310386875
Xist,Imprinted,Paternal,WT_M2,3,WT Male,2
Xist,Imprinted,Paternal,WT_M3,4,WT Male,2.321928094887362
Xist,Imprinted,Paternal,WT_F1,59367,WT Female,15.85739789170129
Xist,Imprinted,Paternal,WT_F2,44643,WT Female,15.446178674674245
Xist,Imprinted,Paternal,WT_F3,56016,WT Female,15.773577101251474
Xist,Imprinted,Paternal,HT_F1,77782,HT Female,16.24716725846733
Xist,Imprinted,Paternal,HT_F2,38485,HT Female,15.232046113570558
Xist,Imprinted,Paternal,HT_F3,61497,HT Female,15.908251872326534
Xist,Imprinted,Paternal,KO_M1,1,KO Male,1
Xist,Imprinted,Paternal,KO_M2,0,KO Male,0
Xist,Imprinted,Paternal,KO_M3,32,KO Male,5.044394119358453
Xlr3b,Imprinted,Maternal,WT_M1,40,WT Male,5.357552004618084
Xlr3b,Imprinted,Maternal,WT_M2,236,WT Male,7.888743248898259
Xlr3b,Imprinted,Maternal,WT_M3,73,WT Male,6.20945336562895
Xlr3b,Imprinted,Maternal,WT_F1,76,WT Female,6.266786540694901
Xlr3b,Imprinted,Maternal,WT_F2,5,WT Female,2.584962500721156
Xlr3b,Imprinted,Maternal,WT_F3,114,WT Female,6.845490050944375
Xlr3b,Imprinted,Maternal,HT_F1,267,HT Female,8.066089190457772
Xlr3b,Imprinted,Maternal,HT_F2,83,HT Female,6.392317422778761
Xlr3b,Imprinted,Maternal,HT_F3,239,HT Female,7.906890595608519
Xlr3b,Imprinted,Maternal,KO_M1,62,KO Male,5.977279923499917
Xlr3b,Imprinted,Maternal,KO_M2,146,KO Male,7.199672344836364
Xlr3b,Imprinted,Maternal,KO_M3,240,KO Male,7.912889336229962
Zdbf2,Imprinted,Paternal,WT_M1,2395,WT Male,11.226412192788786
Zdbf2,Imprinted,Paternal,WT_M2,3672,WT Male,11.842743180731658
Zdbf2,Imprinted,Paternal,WT_M3,1563,WT Male,10.611024797307353
Zdbf2,Imprinted,Paternal,WT_F1,2970,WT Female,11.536732889835415
Zdbf2,Imprinted,Paternal,WT_F2,2792,WT Female,11.44759985827995
Zdbf2,Imprinted,Paternal,WT_F3,3961,WT Female,11.952013164889486
Zdbf2,Imprinted,Paternal,HT_F1,10896,HT Female,13.41164338786908
Zdbf2,Imprinted,Paternal,HT_F2,2779,HT Female,11.44086916761087
Zdbf2,Imprinted,Paternal,HT_F3,2432,HT Female,11.24852060493843
Zdbf2,Imprinted,Paternal,KO_M1,3351,KO Male,11.710806433699352
Zdbf2,Imprinted,Paternal,KO_M2,4382,KO Male,12.097702963524654
Zdbf2,Imprinted,Paternal,KO_M3,3759,KO Male,11.876516946565
Zfp64,Imprinted,Paternal,WT_M1,559,WT Male,9.129283016944967
Zfp64,Imprinted,Paternal,WT_M2,958,WT Male,9.905387005018131
Zfp64,Imprinted,Paternal,WT_M3,402,WT Male,8.654636028527968
Zfp64,Imprinted,Paternal,WT_F1,618,WT Female,9.273795599214264
Zfp64,Imprinted,Paternal,WT_F2,470,WT Female,8.879583249612784
Zfp64,Imprinted,Paternal,WT_F3,624,WT Female,9.287712379549449
Zfp64,Imprinted,Paternal,HT_F1,951,HT Female,9.894817763307943
Zfp64,Imprinted,Paternal,HT_F2,591,HT Female,9.20945336562895
Zfp64,Imprinted,Paternal,HT_F3,574,HT Female,9.167418145831737
Zfp64,Imprinted,Paternal,KO_M1,297,KO Male,8.219168520462162
Zfp64,Imprinted,Paternal,KO_M2,576,KO Male,9.172427508645482
Zfp64,Imprinted,Paternal,KO_M3,565,KO Male,9.144658242831882
Zim1,Imprinted,Maternal,WT_M1,170,WT Male,7.417852514885898
Zim1,Imprinted,Maternal,WT_M2,343,WT Male,8.426264754702098
Zim1,Imprinted,Maternal,WT_M3,136,WT Male,7.098032082960526
Zim1,Imprinted,Maternal,WT_F1,254,WT Female,7.994353436858858
Zim1,Imprinted,Maternal,WT_F2,242,WT Female,7.924812503605781
Zim1,Imprinted,Maternal,WT_F3,319,WT Female,8.321928094887362
Zim1,Imprinted,Maternal,HT_F1,1356,HT Female,10.406205005418855
Zim1,Imprinted,Maternal,HT_F2,174,HT Female,7.451211111832329
Zim1,Imprinted,Maternal,HT_F3,186,HT Female,7.546894459887636
Zim1,Imprinted,Maternal,KO_M1,169,KO Male,7.409390936137702
Zim1,Imprinted,Maternal,KO_M2,221,KO Male,7.794415866350106
Zim1,Imprinted,Maternal,KO_M3,160,KO Male,7.330916878114617
Zim2,Imprinted,Maternal,WT_M1,0,WT Male,0
Zim2,Imprinted,Maternal,WT_M2,2,WT Male,1.584962500721156
Zim2,Imprinted,Maternal,WT_M3,1,WT Male,1
Zim2,Imprinted,Maternal,WT_F1,7,WT Female,3
Zim2,Imprinted,Maternal,WT_F2,0,WT Female,0
Zim2,Imprinted,Maternal,WT_F3,0,WT Female,0
Zim2,Imprinted,Maternal,HT_F1,4,HT Female,2.321928094887362
Zim2,Imprinted,Maternal,HT_F2,0,HT Female,0
Zim2,Imprinted,Maternal,HT_F3,2,HT Female,1.584962500721156
Zim2,Imprinted,Maternal,KO_M1,2,KO Male,1.584962500721156
Zim2,Imprinted,Maternal,KO_M2,2,KO Male,1.584962500721156
Zim2,Imprinted,Maternal,KO_M3,2,KO Male,1.584962500721156
Zim3,Imprinted,Maternal,WT_M1,3,WT Male,2
Zim3,Imprinted,Maternal,WT_M2,7,WT Male,3
Zim3,Imprinted,Maternal,WT_M3,2,WT Male,1.584962500721156
Zim3,Imprinted,Maternal,WT_F1,7,WT Female,3
Zim3,Imprinted,Maternal,WT_F2,6,WT Female,2.807354922057604
Zim3,Imprinted,Maternal,WT_F3,2,WT Female,1.584962500721156
Zim3,Imprinted,Maternal,HT_F1,26,HT Female,4.754887502163468
Zim3,Imprinted,Maternal,HT_F2,5,HT Female,2.584962500721156
Zim3,Imprinted,Maternal,HT_F3,9,HT Female,3.321928094887362
Zim3,Imprinted,Maternal,KO_M1,4,KO Male,2.321928094887362
Zim3,Imprinted,Maternal,KO_M2,4,KO Male,2.321928094887362
Zim3,Imprinted,Maternal,KO_M3,6,KO Male,2.807354922057604
