Gene_Allele,KO_M1,WT_M3,KO_M2,WT_F1,HT_F1,HT_F2,KO_M3,WT_M1,WT_M2,HT_F3,WT_F2,WT_F3,Allele_Source,Gene,Status,Expressed_Allele
Adam23_129,3192,5308,6158,7596,9853,5361,6046,8669,12231,8059,6855,8078,Maternal,Adam23,Imprinted,Paternal
Adam23_JF1,4003,6462,8163,9544,13244,7861,8694,10516,15193,10198,8540,9448,Paternal,Adam23,Imprinted,Paternal
Ampd3_129,474,409,929,528,1478,637,795,738,1199,415,587,712,Maternal,Ampd3,Imprinted,Maternal
Ampd3_JF1,516,509,741,685,1381,903,772,581,940,726,621,959,Paternal,Ampd3,Imprinted,Maternal
Ano1_129,27,121,65,74,156,81,43,52,198,90,59,84,Maternal,Ano1,Imprinted,Maternal
Ano1_JF1,93,0,116,139,205,80,92,110,167,127,117,162,Paternal,Ano1,Imprinted,Maternal
Aqp1_129,539,751,34,1995,1472,234,53,1222,1127,55,66,1351,Maternal,Aqp1,Imprinted,Maternal
Aqp1_JF1,369,757,0,1675,1141,297,0,1030,1113,55,0,1181,Paternal,Aqp1,Imprinted,Maternal
Asb4_129,7,3,22,43,72,11,8,7,24,14,30,42,Maternal,Asb4,Imprinted,Maternal
Asb4_JF1,0,0,0,0,0,0,0,0,0,0,0,0,Paternal,Asb4,Imprinted,Maternal
Ascl2_129,5,1,1,5,13,3,9,3,10,7,5,9,Maternal,Ascl2,Imprinted,Maternal
Ascl2_JF1,0,0,0,0,0,0,0,0,0,0,0,0,Paternal,Ascl2,Imprinted,Maternal
Axl_129,1483,1202,1682,1618,2579,1692,1824,1774,2430,1702,1590,1687,Maternal,Axl,Imprinted,Maternal
Axl_JF1,1254,898,1575,1224,2407,1444,1568,1459,2350,1398,1150,1592,Paternal,Axl,Imprinted,Maternal
Begain_129,1141,1797,1098,959,3035,2028,820,2335,1939,654,2284,1243,Maternal,Begain,Imprinted - Isoform Dependent,Paternal
Begain_JF1,4298,2500,3888,3746,5586,3297,4559,2965,6415,3604,2781,4611,Paternal,Begain,Imprinted - Isoform Dependent,Paternal
Blcap_129,2474,2440,3671,3595,7593,3918,3372,2726,5070,2389,3357,4480,Maternal,Blcap,Imprinted - Isoform Dependent,Maternal
Blcap_JF1,1193,1490,1989,2325,3493,2085,2078,2341,3431,1945,1839,2345,Paternal,Blcap,Imprinted - Isoform Dependent,Maternal
Calcr_129,47,0,14,18,469,1,3,13,9,1,3,37,Maternal,Calcr,Imprinted,Maternal
Calcr_JF1,0,0,0,0,0,0,0,0,0,0,0,0,Paternal,Calcr,Imprinted,Maternal
Ccdc40_129,73,59,82,208,274,145,75,78,139,85,96,82,Maternal,Ccdc40,Imprinted,Paternal
Ccdc40_JF1,76,49,49,168,193,104,16,91,125,0,38,110,Paternal,Ccdc40,Imprinted,Paternal
Cd81_129,6426,7087,9850,10977,13805,9248,7998,7968,12089,8018,7469,10554,Maternal,Cd81,Imprinted,Maternal
Cd81_JF1,4152,3646,4927,5399,10021,5255,6927,6011,10045,5411,6067,6805,Paternal,Cd81,Imprinted,Maternal
Cdh15_129,32,2,1,2,8,31,0,46,4,2,0,3,Maternal,Cdh15,Imprinted,Paternal
Cdh15_JF1,0,39,150,68,226,0,158,0,97,83,61,92,Paternal,Cdh15,Imprinted,Paternal
Cdkn1c_129,502,416,158,1194,1342,265,187,493,688,235,133,654,Maternal,Cdkn1c,Imprinted,Maternal
Cdkn1c_JF1,39,30,18,25,11,12,7,10,57,32,20,22,Paternal,Cdkn1c,Imprinted,Maternal
Chrac1_129,116,124,165,165,261,147,95,139,229,123,143,203,Maternal,Chrac1,Imprinted,Maternal
Chrac1_JF1,111,71,143,193,275,164,166,125,226,122,96,159,Paternal,Chrac1,Imprinted,Maternal
Commd1_129,493,468,585,738,755,611,679,656,613,579,603,789,Maternal,Commd1,Imprinted,Maternal
Commd1_JF1,0,0,0,0,252,0,0,0,307,34,0,0,Paternal,Commd1,Imprinted,Maternal
Copg2_129,2243,2338,3992,4881,5343,4906,4702,4338,7674,4597,2625,5058,Maternal,Copg2,Imprinted,Maternal
Copg2_JF1,1365,3052,3060,2828,5898,1862,2866,4003,5166,3122,4111,3639,Paternal,Copg2,Imprinted,Maternal
Dact2_129,863,203,737,680,1391,318,333,662,471,832,635,833,Maternal,Dact2,Imprinted,Maternal
Dact2_JF1,799,629,772,808,1251,1002,1123,725,1437,841,628,735,Paternal,Dact2,Imprinted,Maternal
Dcn_129,318,234,1509,862,2539,4294,1160,225,1050,168,300,1951,Maternal,Dcn,Imprinted,Maternal
Dcn_JF1,228,179,963,547,1672,2315,688,223,598,155,169,1232,Paternal,Dcn,Imprinted,Maternal
Ddc_129,113,161,174,150,462,40,179,105,107,56,59,180,Maternal,Ddc,Imprinted,Paternal
Ddc_JF1,245,0,303,408,392,312,252,173,384,167,172,354,Paternal,Ddc,Imprinted,Paternal
Dhcr7_129,674,806,1299,1237,1706,772,916,1218,1605,1067,1006,1142,Maternal,Dhcr7,Imprinted,Maternal
Dhcr7_JF1,760,958,1226,1531,2213,1040,1145,1364,2249,949,1218,1474,Paternal,Dhcr7,Imprinted,Maternal
Dio3_129,75,35,140,115,199,308,109,29,170,7,37,160,Maternal,Dio3,Imprinted,Paternal
Dio3_JF1,64,0,116,49,416,382,109,0,0,0,0,195,Paternal,Dio3,Imprinted,Paternal
Dlk1_129,0,0,0,0,16,8,0,0,0,39,128,0,Maternal,Dlk1,Imprinted,Paternal
Dlk1_JF1,786,172,645,461,2392,545,375,132,364,0,0,393,Paternal,Dlk1,Imprinted,Paternal
Fkbp6_129,0,8,13,1,6,0,4,0,5,1,0,2,Maternal,Fkbp6,Imprinted,Paternal
Fkbp6_JF1,0,0,0,0,0,0,0,0,0,0,0,0,Paternal,Fkbp6,Imprinted,Paternal
Fthl17a_129,0,0,1,0,0,0,0,0,0,0,0,0,Maternal,Fthl17a,Imprinted,Paternal
Fthl17a_JF1,0,0,0,0,0,0,0,0,0,0,0,0,Paternal,Fthl17a,Imprinted,Paternal
Fthl17b_129,0,0,0,0,0,0,0,0,0,0,0,1,Maternal,Fthl17b,Imprinted,Paternal
Fthl17b_JF1,0,0,0,0,0,0,0,0,0,0,0,0,Paternal,Fthl17b,Imprinted,Paternal
Fthl17c_129,0,0,0,0,0,0,0,0,0,0,0,0,Maternal,Fthl17c,Imprinted,Paternal
Fthl17c_JF1,0,0,0,0,0,0,0,0,0,0,0,0,Paternal,Fthl17c,Imprinted,Paternal
Fthl17d_129,0,0,0,0,0,0,0,0,0,0,0,0,Maternal,Fthl17d,Imprinted,Paternal
Fthl17d_JF1,0,0,0,0,0,0,0,0,0,0,0,0,Paternal,Fthl17d,Imprinted,Paternal
Fthl17e_129,0,0,0,0,0,0,0,0,0,0,0,0,Maternal,Fthl17e,Imprinted,Paternal
Fthl17e_JF1,0,0,0,0,0,0,0,0,0,0,0,0,Paternal,Fthl17e,Imprinted,Paternal
Fthl17f_129,0,0,0,0,0,0,0,0,0,3,0,0,Maternal,Fthl17f,Imprinted,Paternal
Fthl17f_JF1,0,0,0,0,0,0,0,0,0,0,0,0,Paternal,Fthl17f,Imprinted,Paternal
Ftx_129,903,1248,1500,963,2042,686,1431,1383,1631,848,941,870,Maternal,Ftx,Imprinted,Paternal
Ftx_JF1,28,40,42,619,1601,930,42,42,46,340,722,902,Paternal,Ftx,Imprinted,Paternal
Gab1_129,1084,823,1113,1964,2107,1065,1165,1289,1772,1166,1258,1061,Maternal,Gab1,Imprinted,Paternal
Gab1_JF1,957,842,1388,2015,2250,1071,1091,2068,2278,1162,1421,1730,Paternal,Gab1,Imprinted,Paternal
Galnt6_129,117,281,421,1044,602,275,364,208,266,132,468,202,Maternal,Galnt6,Imprinted,Paternal
Galnt6_JF1,335,216,312,548,547,147,346,656,686,473,329,495,Paternal,Galnt6,Imprinted,Paternal
Gatm_129,1311,1569,2288,3630,4289,1895,2217,2863,4299,2365,2519,3260,Maternal,Gatm,Imprinted,Maternal
Gatm_JF1,2021,1912,2525,4131,3767,2050,2612,3476,4110,2833,3284,2811,Paternal,Gatm,Imprinted,Maternal
Gm35612_129,82,23,44,20,51,9,65,34,61,20,22,30,Maternal,Gm35612,Imprinted,Maternal
Gm35612_JF1,0,0,0,0,0,0,0,0,0,0,1,0,Paternal,Gm35612,Imprinted,Maternal
Gnai3_129,1138,1165,1471,1823,2590,1532,1653,1931,2279,1430,1388,1772,Maternal,Gnai3,Predicted,Maternal
Gnai3_JF1,588,844,1144,1522,2180,1033,1096,1479,1949,1359,1221,1563,Paternal,Gnai3,Predicted,Maternal
Gnas_129,18142,16021,26242,28859,35499,22387,20874,22487,35998,22914,21886,24000,Maternal,Gnas,Imprinted - Isoform Dependent,Maternal
Gnas_JF1,26667,32399,33932,34570,51965,32394,37962,33302,49972,29572,33045,44022,Paternal,Gnas,Imprinted - Isoform Dependent,Maternal
Grb10_129,228,255,165,485,579,153,256,474,410,107,77,635,Maternal,Grb10,Imprinted - Isoform Dependent,Maternal
Grb10_JF1,1919,1314,2988,1978,7166,2571,2184,1478,3177,1618,1498,2163,Paternal,Grb10,Imprinted - Isoform Dependent,Maternal
H13_129,1366,1521,3,1762,4586,2042,1755,2002,2,3,0,2409,Maternal,H13,Imprinted,Maternal
H13_JF1,1068,1262,3344,2113,3431,1815,1590,1436,5328,2667,3343,2092,Paternal,H13,Imprinted,Maternal
H19_129,1,7,1,16,2,1,2,6,3,11,6,4,Maternal,H19,Imprinted,Maternal
H19_JF1,0,0,0,0,0,0,0,0,0,0,0,0,Paternal,H19,Imprinted,Maternal
Htr2a_129,479,241,352,326,891,621,707,628,915,580,196,631,Maternal,Htr2a,Imprinted,Maternal
Htr2a_JF1,200,269,582,448,755,253,478,551,491,482,424,538,Paternal,Htr2a,Imprinted,Maternal
Hymai_129,23,68,74,73,0,35,46,17,85,21,51,69,Maternal,Hymai,Imprinted,Paternal
Hymai_JF1,0,0,0,0,136,0,0,0,0,0,0,0,Paternal,Hymai,Imprinted,Paternal
Igf2_129,4564,7404,983,16793,10632,3733,925,10533,9990,1810,1447,9668,Maternal,Igf2,Imprinted,Paternal
Igf2_JF1,3021,5173,199,11951,6890,1737,297,7219,6765,636,584,6861,Paternal,Igf2,Imprinted,Paternal
Igf2r_129,1912,1929,2739,3753,4313,2590,2569,3595,4278,2881,2928,4028,Maternal,Igf2r,Tissue Dependent,Maternal
Igf2r_JF1,1746,1718,2103,3067,4927,2092,2272,2240,4149,1834,1737,2221,Paternal,Igf2r,Tissue Dependent,Maternal
Impact_129,6406,9468,13993,13498,27098,15344,14376,12891,19288,11230,12029,17237,Maternal,Impact,Imprinted,Paternal
Impact_JF1,2792,2333,4429,3608,9787,4597,5741,2970,6191,3721,2961,4662,Paternal,Impact,Imprinted,Paternal
Inpp5f_129,3723,4049,5538,6606,5696,3971,6750,5919,6325,5473,5836,5501,Maternal,Inpp5f,Imprinted,Paternal
Inpp5f_JF1,1887,3603,4150,4497,10849,5465,3809,5754,10620,4827,3970,5813,Paternal,Inpp5f,Imprinted,Paternal
Ins2_129,73,19,0,41,39,10,0,23,30,1,0,15,Maternal,Ins2,Imprinted,Paternal
Ins2_JF1,0,0,0,0,0,0,0,0,0,0,0,0,Paternal,Ins2,Imprinted,Paternal
Jade1_129,702,505,838,861,1996,818,842,811,1269,737,789,975,Maternal,Jade1,Imprinted,Paternal
Jade1_JF1,1665,1114,1552,1942,2980,1630,1815,2097,2546,1833,1411,2035,Paternal,Jade1,Imprinted,Paternal
Jpx_129,293,291,383,234,382,148,406,391,539,257,185,221,Maternal,Jpx,Imprinted,Paternal
Jpx_JF1,0,0,0,128,250,101,0,0,0,116,77,138,Paternal,Jpx,Imprinted,Paternal
Kcnk9_129,2889,2550,4032,3281,11954,5942,4315,2953,5183,2419,3602,4950,Maternal,Kcnk9,Imprinted,Maternal
Kcnk9_JF1,33,53,67,24,127,24,56,63,31,49,60,50,Paternal,Kcnk9,Imprinted,Maternal
Kcnq1_129,11,17,12,16,45,26,25,24,43,26,18,33,Maternal,Kcnq1,Imprinted,Maternal
Kcnq1_JF1,0,0,0,0,0,0,0,0,0,0,0,0,Paternal,Kcnq1,Imprinted,Maternal
Kcnq1ot1_129,88,0,0,96,64,5,3,2,6,0,2,84,Maternal,Kcnq1ot1,Imprinted,Paternal
Kcnq1ot1_JF1,3595,5480,5416,4476,9806,3563,3047,4582,6521,3573,4526,5396,Paternal,Kcnq1ot1,Imprinted,Paternal
Klf14_129,30,11,40,33,70,60,73,13,62,1,32,82,Maternal,Klf14,Imprinted,Maternal
Klf14_JF1,0,0,0,0,6,0,0,0,0,0,0,0,Paternal,Klf14,Imprinted,Maternal
Maged2_129,1642,1600,2077,1136,2205,890,2268,1942,3657,1115,762,1209,Maternal,Maged2,Imprinted,Maternal
Maged2_JF1,0,0,0,909,1701,1445,0,0,0,457,964,1412,Paternal,Maged2,Imprinted,Maternal
Magel2_129,141,136,0,202,0,0,0,66,0,69,119,276,Maternal,Magel2,Imprinted,Paternal
Magel2_JF1,0,0,356,0,1138,154,217,0,293,0,0,0,Paternal,Magel2,Imprinted,Paternal
Magi2_129,2708,3593,5222,4885,7579,4247,4895,5695,8347,5696,4614,5523,Maternal,Magi2,Imprinted,Paternal
Magi2_JF1,3838,4374,6112,6736,9832,6693,6213,8192,10357,7935,5723,6864,Paternal,Magi2,Imprinted,Paternal
Mcts2_129,50,70,0,120,318,143,155,172,0,28,0,112,Maternal,Mcts2,Imprinted,Paternal
Mcts2_JF1,74,210,361,207,381,228,209,193,521,292,336,350,Paternal,Mcts2,Imprinted,Paternal
Meg3_129,1054,81310,1280,1065,183126,85760,1104,55176,1038,666,74054,1389,Maternal,Meg3,Imprinted,Maternal
Meg3_JF1,45467,755,72227,56227,448,32,64492,33,64100,34970,23,80444,Paternal,Meg3,Imprinted,Maternal
Mest_129,105,87,5,123,63,6,0,0,14,43,50,21,Maternal,Mest,Imprinted,Paternal
Mest_JF1,2278,1920,3343,3454,7834,2898,2220,2002,4245,1487,2128,3625,Paternal,Mest,Imprinted,Paternal
Mir184_129,0,0,0,0,0,0,0,0,0,0,0,0,Maternal,Mir184,Imprinted,Paternal
Mir184_JF1,0,0,0,0,0,0,0,0,0,0,0,0,Paternal,Mir184,Imprinted,Paternal
Mir296_129,0,0,0,0,0,1,0,0,0,0,0,0,Maternal,Mir296,Imprinted,Paternal
Mir296_JF1,0,0,0,0,0,0,0,0,0,0,0,0,Paternal,Mir296,Imprinted,Paternal
Mirg_129,10,681,19,13,2117,889,16,528,5,6,635,17,Maternal,Mirg,Imprinted,Maternal
Mirg_JF1,360,4,796,552,4,0,656,0,658,323,0,711,Paternal,Mirg,Imprinted,Maternal
Mkrn3_129,28,26,42,40,60,29,48,49,67,25,48,44,Maternal,Mkrn3,Imprinted,Paternal
Mkrn3_JF1,0,0,0,0,0,0,0,0,0,0,0,0,Paternal,Mkrn3,Imprinted,Paternal
Nap1l4_129,2139,1949,2621,2751,4577,2601,2809,2307,4564,2824,2072,2995,Maternal,Nap1l4,Imprinted,Maternal
Nap1l4_JF1,1363,1358,2018,2519,3736,2212,2090,2390,2936,1651,2149,2665,Paternal,Nap1l4,Imprinted,Maternal
Nap1l5_129,0,0,45,0,0,0,0,0,29,0,0,0,Maternal,Nap1l5,Imprinted,Paternal
Nap1l5_JF1,7687,6127,10773,8846,21148,11520,11713,8795,13566,7591,8677,11658,Paternal,Nap1l5,Imprinted,Paternal
Nctc1_129,0,0,1,0,0,0,0,0,0,0,0,0,Maternal,Nctc1,Imprinted,Paternal
Nctc1_JF1,0,0,0,0,0,0,0,0,0,0,0,0,Paternal,Nctc1,Imprinted,Paternal
Ndn_129,15,0,0,0,13,27,27,0,0,0,0,0,Maternal,Ndn,Imprinted,Paternal
Ndn_JF1,9201,7159,11767,10594,21885,10754,11722,8497,16676,8674,9156,12834,Paternal,Ndn,Imprinted,Paternal
Nlrp2_129,0,0,0,0,0,0,0,0,0,0,0,0,Maternal,Nlrp2,Imprinted,Maternal
Nlrp2_JF1,0,0,0,0,0,0,0,0,0,0,0,0,Paternal,Nlrp2,Imprinted,Maternal
Nnat_129,0,84,0,1,8,9,1508,1,4,2,182,6,Maternal,Nnat,Imprinted,Paternal
Nnat_JF1,9786,11098,16606,16267,26815,18796,15827,10934,20713,8447,15555,18052,Paternal,Nnat,Imprinted,Paternal
Pde10a_129,1280,2154,2778,2265,4897,2360,3075,2902,4896,3085,2179,2927,Maternal,Pde10a,Imprinted,Maternal
Pde10a_JF1,2916,2888,4439,4274,6839,4334,4318,5013,6967,5555,3512,4732,Paternal,Pde10a,Imprinted,Maternal
Peg10_129,0,0,0,0,1585,0,5,0,70,0,0,0,Maternal,Peg10,Imprinted,Paternal
Peg10_JF1,2504,775,5937,2904,10884,1426,3338,1393,3437,1098,960,3504,Paternal,Peg10,Imprinted,Paternal
Peg12_129,22,5,24,12,29,17,16,12,23,12,15,13,Maternal,Peg12,Imprinted,Paternal
Peg12_JF1,0,0,0,0,0,0,0,0,0,0,0,0,Paternal,Peg12,Imprinted,Paternal
Peg13_129,8,26,9,10,47,6,7,58,53,37,8,22,Maternal,Peg13,Imprinted,Paternal
Peg13_JF1,9782,9488,13556,13886,22288,13146,14859,13280,21263,13478,11443,15488,Paternal,Peg13,Imprinted,Paternal
Peg3_129,2,2,2,22,215,3,5,23,3,3,1,20,Maternal,Peg3,Imprinted,Paternal
Peg3_JF1,16120,16541,25695,25650,50798,21278,23391,22702,38087,21807,22474,27475,Paternal,Peg3,Imprinted,Paternal
Peg3os_129,4,2,8,4,17,12,5,12,16,9,8,1,Maternal,Peg3os,Imprinted,Paternal
Peg3os_JF1,0,0,0,0,0,0,0,0,0,0,0,0,Paternal,Peg3os,Imprinted,Paternal
Phlda2_129,4,0,0,1,0,0,0,0,0,0,0,0,Maternal,Phlda2,Imprinted,Maternal
Phlda2_JF1,0,0,0,0,0,0,0,0,0,0,0,0,Paternal,Phlda2,Imprinted,Maternal
Plagl1_129,198,122,182,196,142,146,177,52,238,39,188,161,Maternal,Plagl1,Imprinted,Paternal
Plagl1_JF1,3401,4081,7530,6237,9837,3372,5136,1615,7928,868,4748,6530,Paternal,Plagl1,Imprinted,Paternal
Platr20_129,0,0,0,0,1,0,0,0,0,0,0,0,Maternal,Platr20,Imprinted,Paternal
Platr20_JF1,0,0,0,0,0,0,0,0,0,0,0,0,Paternal,Platr20,Imprinted,Paternal
Pon2_129,182,729,868,1220,556,297,932,1218,587,911,794,1273,Maternal,Pon2,Imprinted,Maternal
Pon2_JF1,749,417,489,684,1999,1410,545,578,1956,549,505,658,Paternal,Pon2,Imprinted,Maternal
Pon3_129,193,440,61,971,778,270,131,678,721,169,139,824,Maternal,Pon3,Imprinted,Maternal
Pon3_JF1,130,220,86,520,360,113,33,244,363,30,51,321,Paternal,Pon3,Imprinted,Maternal
Ppp1r9a_129,9363,8355,13036,14149,23625,13537,14307,13085,22243,14613,11806,15702,Maternal,Ppp1r9a,Imprinted,Maternal
Ppp1r9a_JF1,8798,9134,13894,14222,20365,14225,15638,15209,21410,16208,12821,16348,Paternal,Ppp1r9a,Imprinted,Maternal
Prkn_129,162,205,288,165,581,227,375,121,565,124,104,311,Maternal,Prkn,Imprinted,Maternal
Prkn_JF1,169,294,288,333,357,381,396,311,586,336,340,339,Paternal,Prkn,Imprinted,Maternal
Qpct_129,218,265,462,368,675,235,408,416,617,365,329,437,Maternal,Qpct,Imprinted,Maternal
Qpct_JF1,291,345,457,445,811,357,346,271,665,202,481,446,Paternal,Qpct,Imprinted,Maternal
Rasgrf1_129,6604,7773,13617,8782,13703,10360,11107,11646,16248,11818,8516,11635,Maternal,Rasgrf1,Imprinted,Paternal
Rasgrf1_JF1,17114,22791,33919,29317,47472,28463,34009,29190,50293,29445,27420,33858,Paternal,Rasgrf1,Imprinted,Paternal
Rian_129,497,21444,660,892,59163,33840,859,24459,734,371,24882,1192,Maternal,Rian,Imprinted,Maternal
Rian_JF1,11772,119,22233,18806,67,30,22814,40,28272,16599,23,22409,Paternal,Rian,Imprinted,Maternal
Rtl1_129,56,11,20,15,0,14,9,13,22,4,11,27,Maternal,Rtl1,Imprinted,Paternal
Rtl1_JF1,0,0,0,0,242,0,0,0,0,0,0,0,Paternal,Rtl1,Imprinted,Paternal
Sall1_129,359,545,700,910,1240,754,54,71,941,731,827,54,Maternal,Sall1,Imprinted,Paternal
Sall1_JF1,469,678,908,917,1575,890,1511,1711,1424,802,873,1815,Paternal,Sall1,Imprinted,Paternal
Sfmbt2_129,326,424,306,256,528,127,395,362,268,214,158,583,Maternal,Sfmbt2,Imprinted,Paternal
Sfmbt2_JF1,217,266,425,467,934,287,404,316,584,457,355,411,Paternal,Sfmbt2,Imprinted,Paternal
Sgce_129,0,0,0,2,1,0,3,1,0,3,0,1,Maternal,Sgce,Imprinted,Paternal
Sgce_JF1,599,753,1166,1242,2097,1145,1087,1192,1885,1243,1027,1274,Paternal,Sgce,Imprinted,Paternal
Slc22a18_129,12,16,3,32,42,12,7,19,27,4,6,29,Maternal,Slc22a18,Imprinted,Maternal
Slc22a18_JF1,0,0,0,0,11,0,0,0,0,0,0,0,Paternal,Slc22a18,Imprinted,Maternal
Slc22a2_129,2,2,3,6,27,2,5,5,8,3,1,12,Maternal,Slc22a2,Imprinted,Maternal
Slc22a2_JF1,0,0,0,0,0,0,0,0,0,0,0,0,Paternal,Slc22a2,Imprinted,Maternal
Slc22a3_129,17,22,13,47,57,12,18,13,19,26,7,44,Maternal,Slc22a3,Imprinted,Maternal
Slc22a3_JF1,0,0,0,0,24,0,0,0,0,0,0,0,Paternal,Slc22a3,Imprinted,Maternal
Slc38a4_129,17,39,55,18,55,78,41,20,51,73,44,34,Maternal,Slc38a4,Imprinted,Paternal
Slc38a4_JF1,0,0,0,43,89,19,18,29,55,0,0,51,Paternal,Slc38a4,Imprinted,Paternal
Smoc1_129,677,430,745,411,2247,410,704,365,1068,266,425,777,Maternal,Smoc1,Imprinted,Paternal
Smoc1_JF1,433,198,602,348,1777,238,344,244,451,184,237,453,Paternal,Smoc1,Imprinted,Paternal
Smoc2_129,805,1023,1353,1818,1507,398,1618,1382,2210,1813,1682,1157,Maternal,Smoc2,Imprinted,Maternal
Smoc2_JF1,930,792,1174,1605,1538,392,1299,1546,2055,1845,1476,899,Paternal,Smoc2,Imprinted,Maternal
Snrpn_129,2,0,6,0,4,8,2,0,6,0,3,3,Maternal,Snrpn,Imprinted,Paternal
Snrpn_JF1,49,117,144,108,228,151,128,90,181,92,128,158,Paternal,Snrpn,Imprinted,Paternal
Snurf_129,0,0,0,0,0,0,0,0,0,0,0,0,Maternal,Snurf,Imprinted,Paternal
Snurf_JF1,0,0,0,0,0,0,0,0,0,0,0,0,Paternal,Snurf,Imprinted,Paternal
Snx14_129,1174,1336,1812,2215,3786,2126,2025,1794,2496,2003,1703,2691,Maternal,Snx14,Imprinted,Paternal
Snx14_JF1,976,1761,2164,2380,3318,2108,2279,2559,4169,1907,2288,2269,Paternal,Snx14,Imprinted,Paternal
Tfpi2_129,0,1,3,3,1,1,2,5,5,3,3,3,Maternal,Tfpi2,Imprinted,Maternal
Tfpi2_JF1,0,0,0,0,0,0,0,0,0,0,0,0,Paternal,Tfpi2,Imprinted,Maternal
Th_129,15,6,22,71,40,8,14,21,44,9,6,19,Maternal,Th,Imprinted,Maternal
Th_JF1,0,0,0,0,61,0,0,0,0,0,0,0,Paternal,Th,Imprinted,Maternal
Thbs2_129,92,250,72,425,278,207,240,455,513,106,101,236,Maternal,Thbs2,Imprinted,Maternal
Thbs2_JF1,261,322,127,605,519,178,123,477,520,172,134,499,Paternal,Thbs2,Imprinted,Maternal
Tnfrsf22_129,31,57,38,107,45,68,52,90,91,34,52,99,Maternal,Tnfrsf22,Imprinted,Maternal
Tnfrsf22_JF1,12,0,21,0,105,0,0,0,48,34,19,0,Paternal,Tnfrsf22,Imprinted,Maternal
Tnfrsf23_129,6,14,12,27,49,17,11,23,33,14,30,18,Maternal,Tnfrsf23,Imprinted,Maternal
Tnfrsf23_JF1,0,0,0,0,0,0,0,0,0,0,0,0,Paternal,Tnfrsf23,Imprinted,Maternal
Tnfrsf26_129,0,2,1,2,2,1,0,1,1,0,1,0,Maternal,Tnfrsf26,Imprinted,Maternal
Tnfrsf26_JF1,0,0,0,0,0,0,0,0,0,0,0,0,Paternal,Tnfrsf26,Imprinted,Maternal
Trappc9_129,1012,1120,1521,1624,2596,1392,1554,1280,2476,978,1243,1773,Maternal,Trappc9,Imprinted,Maternal
Trappc9_JF1,4144,3414,4800,4652,7925,4559,4929,4607,7905,4488,4416,5399,Paternal,Trappc9,Imprinted,Maternal
Tsix_129,6,29,12,71,92,24,12,61,60,48,23,51,Maternal,Tsix,Imprinted,Maternal
Tsix_JF1,0,0,0,0,0,0,0,0,0,0,0,0,Paternal,Tsix,Imprinted,Maternal
Tssc4_129,550,552,446,606,1001,513,705,484,840,402,573,631,Maternal,Tssc4,Imprinted,Maternal
Tssc4_JF1,649,264,517,637,925,540,512,554,729,562,444,631,Paternal,Tssc4,Imprinted,Maternal
Ube3a_129,6356,8592,12587,11421,20929,12201,13282,11469,18968,12512,11333,12598,Maternal,Ube3a,Imprinted,Maternal
Ube3a_JF1,5072,7010,10789,12660,17122,9565,11722,13921,17101,11768,10411,15266,Paternal,Ube3a,Imprinted,Maternal
Usp29_129,253,150,317,286,637,189,250,219,750,270,219,480,Maternal,Usp29,Imprinted,Paternal
Usp29_JF1,2028,2243,4390,4030,11593,2765,3745,3282,5587,3519,3071,3962,Paternal,Usp29,Imprinted,Paternal
Wt1_129,0,0,0,0,1,3,0,2,1,1,1,1,Maternal,Wt1,Tissue Dependent,Maternal
Wt1_JF1,0,0,0,0,0,0,0,0,0,0,0,0,Paternal,Wt1,Tissue Dependent,Maternal
Xist_129,1,4,0,24001,33513,23390,32,61,3,19681,20439,30655,Maternal,Xist,Imprinted,Paternal
Xist_JF1,0,0,0,35366,44269,15095,0,0,0,41816,24204,25361,Paternal,Xist,Imprinted,Paternal
Xlr3b_129,62,73,146,68,264,83,240,40,236,239,5,114,Maternal,Xlr3b,Imprinted,Maternal
Xlr3b_JF1,0,0,0,8,3,0,0,0,0,0,0,0,Paternal,Xlr3b,Imprinted,Maternal
Zdbf2_129,3,3,13,2,12,0,0,2,0,9,10,0,Maternal,Zdbf2,Imprinted,Paternal
Zdbf2_JF1,3348,1560,4369,2968,10884,2779,3759,2393,3672,2423,2782,3961,Paternal,Zdbf2,Imprinted,Paternal
Zfp64_129,184,257,352,387,592,356,321,301,492,331,204,373,Maternal,Zfp64,Imprinted,Paternal
Zfp64_JF1,113,145,224,231,359,235,244,258,466,243,266,251,Paternal,Zfp64,Imprinted,Paternal
Zim1_129,128,71,123,145,1109,105,103,79,184,73,97,174,Maternal,Zim1,Imprinted,Maternal
Zim1_JF1,41,65,98,109,247,69,57,91,159,113,145,145,Paternal,Zim1,Imprinted,Maternal
Zim2_129,2,1,2,7,4,0,2,0,2,2,0,0,Maternal,Zim2,Imprinted,Maternal
Zim2_JF1,0,0,0,0,0,0,0,0,0,0,0,0,Paternal,Zim2,Imprinted,Maternal
Zim3_129,4,2,4,7,26,5,6,3,7,9,6,2,Maternal,Zim3,Imprinted,Maternal
Zim3_JF1,0,0,0,0,0,0,0,0,0,0,0,0,Paternal,Zim3,Imprinted,Maternal
